1,1,IrgmST1Ikv3fl9uGA3yIvSMHckg=,w9mHLuYaVJCAIOs3VEbVvd2hfkc=
2,1,IrgmST1Ikv3fl9uGA3yIvSMHckg=,hd/2Ex/St73C1I3/lMew88j82Qk=
2,2,IrgmST1Ikv3fl9uGA3yIvSMHckg=,I/3qyjfqK2VLmLTritmihILc4Go=
1,2,IrgmST1Ikv3fl9uGA3yIvSMHckg=,e14X7sAZyswSEWwtLNOOQ6D4fKc=
1,3,Drak4mPERDhizC1SAMb3g+sDhHM=,e14X7sAZyswSEWwtLNOOQ6D4fKc=
2,4,Drak4mPERDhizC1SAMb3g+sDhHM=,9auEc92AVk87SSIoXebrCEywfEg=
2,3,Drak4mPERDhizC1SAMb3g+sDhHM=,I/3qyjfqK2VLmLTritmihILc4Go=
1,4,Drak4mPERDhizC1SAMb3g+sDhHM=,hwiWcQKd70Ksma0vMCzYif0eHi0=
2,5,Drak4mPERDhizC1SAMb3g+sDhHM=,9auEc92AVk87SSIoXebrCEywfEg=
2,6,Drak4mPERDhizC1SAMb3g+sDhHM=,xBgEqXAmZ6Eska21QzvzW/GMNCc=
1,5,Drak4mPERDhizC1SAMb3g+sDhHM=,hwiWcQKd70Ksma0vMCzYif0eHi0=
1,6,Drak4mPERDhizC1SAMb3g+sDhHM=,MAesx8osIRpWxgiPs84QP7swq6Y=
2,8,6hbLpI222p00WIPLWIBahuu7mdA=,pw1TvSHyl/d6m9RyXHuAvznQOP8=
1,7,6hbLpI222p00WIPLWIBahuu7mdA=,MAesx8osIRpWxgiPs84QP7swq6Y=
2,7,6hbLpI222p00WIPLWIBahuu7mdA=,xBgEqXAmZ6Eska21QzvzW/GMNCc=
1,8,6hbLpI222p00WIPLWIBahuu7mdA=,JyZ8m3fEBIWH/GSwa5DdlpHLLsU=
2,9,6hbLpI222p00WIPLWIBahuu7mdA=,pw1TvSHyl/d6m9RyXHuAvznQOP8=
1,10,6hbLpI222p00WIPLWIBahuu7mdA=,46Wis+cUQw5qK84yePMVrzugzAY=
1,9,6hbLpI222p00WIPLWIBahuu7mdA=,JyZ8m3fEBIWH/GSwa5DdlpHLLsU=
2,10,6hbLpI222p00WIPLWIBahuu7mdA=,Hl8t/7HKiOfKCvNpz3BF/ouWXnA=
2,12,p1FfpoNV8oWuwXFc9WiflcWIE+k=,9DXRoZQnEP8gjhSdkkBVHV6vVl8=
1,12,p1FfpoNV8oWuwXFc9WiflcWIE+k=,eut4XmhzYHSDgg+VoQY5dOtFQ78=
1,11,p1FfpoNV8oWuwXFc9WiflcWIE+k=,46Wis+cUQw5qK84yePMVrzugzAY=
2,11,p1FfpoNV8oWuwXFc9WiflcWIE+k=,Hl8t/7HKiOfKCvNpz3BF/ouWXnA=
2,13,p1FfpoNV8oWuwXFc9WiflcWIE+k=,9DXRoZQnEP8gjhSdkkBVHV6vVl8=
2,14,p1FfpoNV8oWuwXFc9WiflcWIE+k=,prDdhKDpBqodONNVjNYt0CpNLwg=
1,14,p1FfpoNV8oWuwXFc9WiflcWIE+k=,Nkmgd2zcefnclDQ1I4jNsFyWwv0=
1,13,p1FfpoNV8oWuwXFc9WiflcWIE+k=,eut4XmhzYHSDgg+VoQY5dOtFQ78=
4,11,uTf7niwqqJMxo2ZusMBfhQn84cM=,DC6DWB/QIlBQTWqsi+A0fuCywrM=
4,12,uTf7niwqqJMxo2ZusMBfhQn84cM=,oHshNKTRGKs/QZJRUqOFUq8owlI=
3,12,uTf7niwqqJMxo2ZusMBfhQn84cM=,9DXRoZQnEP8gjhSdkkBVHV6vVl8=
3,11,uTf7niwqqJMxo2ZusMBfhQn84cM=,Hl8t/7HKiOfKCvNpz3BF/ouWXnA=
4,14,uTf7niwqqJMxo2ZusMBfhQn84cM=,Hp+OynH9X528aiq+CyV+0DyFLik=
3,14,uTf7niwqqJMxo2ZusMBfhQn84cM=,prDdhKDpBqodONNVjNYt0CpNLwg=
3,13,uTf7niwqqJMxo2ZusMBfhQn84cM=,9DXRoZQnEP8gjhSdkkBVHV6vVl8=
4,13,uTf7niwqqJMxo2ZusMBfhQn84cM=,oHshNKTRGKs/QZJRUqOFUq8owlI=
4,10,8CCj/SlYsb3HcERbEatpX/qwUoE=,DC6DWB/QIlBQTWqsi+A0fuCywrM=
3,10,8CCj/SlYsb3HcERbEatpX/qwUoE=,Hl8t/7HKiOfKCvNpz3BF/ouWXnA=
3,9,8CCj/SlYsb3HcERbEatpX/qwUoE=,pw1TvSHyl/d6m9RyXHuAvznQOP8=
4,9,8CCj/SlYsb3HcERbEatpX/qwUoE=,Q/GbzwghEh+s6+wGc2zZLh98wCA=
4,8,htHhWtiII4R3C3+q8vUyT2SZ9OY=,Q/GbzwghEh+s6+wGc2zZLh98wCA=
3,7,htHhWtiII4R3C3+q8vUyT2SZ9OY=,xBgEqXAmZ6Eska21QzvzW/GMNCc=
3,8,htHhWtiII4R3C3+q8vUyT2SZ9OY=,pw1TvSHyl/d6m9RyXHuAvznQOP8=
4,7,htHhWtiII4R3C3+q8vUyT2SZ9OY=,V6Rlfe9CtLZYYatxClHPAXHSuMk=
4,3,htHhWtiII4R3C3+q8vUyT2SZ9OY=,/72acHavTinjwM3g+YRH3nFjR7g=
3,3,htHhWtiII4R3C3+q8vUyT2SZ9OY=,I/3qyjfqK2VLmLTritmihILc4Go=
3,6,htHhWtiII4R3C3+q8vUyT2SZ9OY=,xBgEqXAmZ6Eska21QzvzW/GMNCc=
4,4,htHhWtiII4R3C3+q8vUyT2SZ9OY=,U+RvWjEh50DuBFwuXaKFgHvHgI0=
3,5,htHhWtiII4R3C3+q8vUyT2SZ9OY=,9auEc92AVk87SSIoXebrCEywfEg=
3,4,htHhWtiII4R3C3+q8vUyT2SZ9OY=,9auEc92AVk87SSIoXebrCEywfEg=
4,5,htHhWtiII4R3C3+q8vUyT2SZ9OY=,U+RvWjEh50DuBFwuXaKFgHvHgI0=
4,6,htHhWtiII4R3C3+q8vUyT2SZ9OY=,V6Rlfe9CtLZYYatxClHPAXHSuMk=
4,2,htHhWtiII4R3C3+q8vUyT2SZ9OY=,/72acHavTinjwM3g+YRH3nFjR7g=
3,2,htHhWtiII4R3C3+q8vUyT2SZ9OY=,I/3qyjfqK2VLmLTritmihILc4Go=
3,1,htHhWtiII4R3C3+q8vUyT2SZ9OY=,hd/2Ex/St73C1I3/lMew88j82Qk=
4,1,htHhWtiII4R3C3+q8vUyT2SZ9OY=,G6Q4l8+u6RqK54uA2stD3LukAeU=
5,4,IYra8UOsKn/JVC9oftEfK0qq5Fw=,U+RvWjEh50DuBFwuXaKFgHvHgI0=
5,3,IYra8UOsKn/JVC9oftEfK0qq5Fw=,/72acHavTinjwM3g+YRH3nFjR7g=
6,4,IYra8UOsKn/JVC9oftEfK0qq5Fw=,nYvsouyqP+G1Tl1Gxhn4fgV/ssI=
6,1,IYra8UOsKn/JVC9oftEfK0qq5Fw=,6kl9ImpSN6uEyEhTaVxVe/hZkWI=
6,3,IYra8UOsKn/JVC9oftEfK0qq5Fw=,KzVcyhSdmpeReb2DWznidYiI9Rk=
5,1,IYra8UOsKn/JVC9oftEfK0qq5Fw=,G6Q4l8+u6RqK54uA2stD3LukAeU=
5,2,IYra8UOsKn/JVC9oftEfK0qq5Fw=,/72acHavTinjwM3g+YRH3nFjR7g=
6,2,IYra8UOsKn/JVC9oftEfK0qq5Fw=,KzVcyhSdmpeReb2DWznidYiI9Rk=
6,5,s38H0YONQUKgrO6x/82AgxxF/p0=,nYvsouyqP+G1Tl1Gxhn4fgV/ssI=
6,6,s38H0YONQUKgrO6x/82AgxxF/p0=,UjPnqTBgyHUXHR9Tz8OJqvhul5g=
5,5,s38H0YONQUKgrO6x/82AgxxF/p0=,U+RvWjEh50DuBFwuXaKFgHvHgI0=
5,6,s38H0YONQUKgrO6x/82AgxxF/p0=,V6Rlfe9CtLZYYatxClHPAXHSuMk=
6,8,kIXPwWWYb9rQZz6UgtecLI+ns6E=,U6yOyE2J0KxuKZRmTg58yjVIfp4=
5,7,kIXPwWWYb9rQZz6UgtecLI+ns6E=,V6Rlfe9CtLZYYatxClHPAXHSuMk=
5,8,kIXPwWWYb9rQZz6UgtecLI+ns6E=,Q/GbzwghEh+s6+wGc2zZLh98wCA=
6,7,kIXPwWWYb9rQZz6UgtecLI+ns6E=,UjPnqTBgyHUXHR9Tz8OJqvhul5g=
6,9,kIXPwWWYb9rQZz6UgtecLI+ns6E=,U6yOyE2J0KxuKZRmTg58yjVIfp4=
5,10,kIXPwWWYb9rQZz6UgtecLI+ns6E=,DC6DWB/QIlBQTWqsi+A0fuCywrM=
5,9,kIXPwWWYb9rQZz6UgtecLI+ns6E=,Q/GbzwghEh+s6+wGc2zZLh98wCA=
6,10,kIXPwWWYb9rQZz6UgtecLI+ns6E=,1v1rS/5ST8gTa1BpJV2LQ9wzyoA=
5,12,kIXPwWWYb9rQZz6UgtecLI+ns6E=,oHshNKTRGKs/QZJRUqOFUq8owlI=
5,11,kIXPwWWYb9rQZz6UgtecLI+ns6E=,DC6DWB/QIlBQTWqsi+A0fuCywrM=
6,12,kIXPwWWYb9rQZz6UgtecLI+ns6E=,5S59TXsGtNLzxCx2GjmSZ0tJkRk=
6,11,kIXPwWWYb9rQZz6UgtecLI+ns6E=,1v1rS/5ST8gTa1BpJV2LQ9wzyoA=
5,13,BiX+FsgK157GAvCcOkE/Ni9WrK8=,oHshNKTRGKs/QZJRUqOFUq8owlI=
6,14,BiX+FsgK157GAvCcOkE/Ni9WrK8=,VrWICIDU/A86vc9c9KAn7JsT6wg=
5,14,BiX+FsgK157GAvCcOkE/Ni9WrK8=,Hp+OynH9X528aiq+CyV+0DyFLik=
6,13,BiX+FsgK157GAvCcOkE/Ni9WrK8=,5S59TXsGtNLzxCx2GjmSZ0tJkRk=
8,10,l3UyuReR2S2w3DHcE/6k6wHSB3M=,Hm0m/SJW68ow10+m0zv6wZt8BRE=
7,9,l3UyuReR2S2w3DHcE/6k6wHSB3M=,U6yOyE2J0KxuKZRmTg58yjVIfp4=
8,9,l3UyuReR2S2w3DHcE/6k6wHSB3M=,pmqN/Eyyk3rKDPEmJwadDg6VwuA=
7,10,l3UyuReR2S2w3DHcE/6k6wHSB3M=,1v1rS/5ST8gTa1BpJV2LQ9wzyoA=
7,11,l3UyuReR2S2w3DHcE/6k6wHSB3M=,1v1rS/5ST8gTa1BpJV2LQ9wzyoA=
8,11,l3UyuReR2S2w3DHcE/6k6wHSB3M=,Hm0m/SJW68ow10+m0zv6wZt8BRE=
8,12,l3UyuReR2S2w3DHcE/6k6wHSB3M=,Tu4f/ixH545Re7B+5VfeI1iaIeA=
7,12,l3UyuReR2S2w3DHcE/6k6wHSB3M=,5S59TXsGtNLzxCx2GjmSZ0tJkRk=
7,14,l3UyuReR2S2w3DHcE/6k6wHSB3M=,VrWICIDU/A86vc9c9KAn7JsT6wg=
8,14,l3UyuReR2S2w3DHcE/6k6wHSB3M=,PBdPUTpwJDVT0dcbx75055ClcRg=
7,13,l3UyuReR2S2w3DHcE/6k6wHSB3M=,5S59TXsGtNLzxCx2GjmSZ0tJkRk=
8,13,l3UyuReR2S2w3DHcE/6k6wHSB3M=,Tu4f/ixH545Re7B+5VfeI1iaIeA=
7,7,R8qSrwfSZOC3qXSiQlFth5t0GdU=,UjPnqTBgyHUXHR9Tz8OJqvhul5g=
8,8,R8qSrwfSZOC3qXSiQlFth5t0GdU=,pmqN/Eyyk3rKDPEmJwadDg6VwuA=
8,7,R8qSrwfSZOC3qXSiQlFth5t0GdU=,njNMJN0ChGpAzO6/ps3LPswaYSI=
7,8,R8qSrwfSZOC3qXSiQlFth5t0GdU=,U6yOyE2J0KxuKZRmTg58yjVIfp4=
8,6,R8qSrwfSZOC3qXSiQlFth5t0GdU=,njNMJN0ChGpAzO6/ps3LPswaYSI=
7,5,R8qSrwfSZOC3qXSiQlFth5t0GdU=,nYvsouyqP+G1Tl1Gxhn4fgV/ssI=
8,5,R8qSrwfSZOC3qXSiQlFth5t0GdU=,uCa3ncH4oIadRoZqX56VTRCxYNY=
7,6,R8qSrwfSZOC3qXSiQlFth5t0GdU=,UjPnqTBgyHUXHR9Tz8OJqvhul5g=
7,4,R8qSrwfSZOC3qXSiQlFth5t0GdU=,nYvsouyqP+G1Tl1Gxhn4fgV/ssI=
7,3,R8qSrwfSZOC3qXSiQlFth5t0GdU=,KzVcyhSdmpeReb2DWznidYiI9Rk=
8,4,R8qSrwfSZOC3qXSiQlFth5t0GdU=,uCa3ncH4oIadRoZqX56VTRCxYNY=
8,3,R8qSrwfSZOC3qXSiQlFth5t0GdU=,CXKGDJ76iN65eA7uoXg0PuYi1jc=
7,1,R8qSrwfSZOC3qXSiQlFth5t0GdU=,6kl9ImpSN6uEyEhTaVxVe/hZkWI=
8,2,R8qSrwfSZOC3qXSiQlFth5t0GdU=,CXKGDJ76iN65eA7uoXg0PuYi1jc=
7,2,R8qSrwfSZOC3qXSiQlFth5t0GdU=,KzVcyhSdmpeReb2DWznidYiI9Rk=
8,1,R8qSrwfSZOC3qXSiQlFth5t0GdU=,6eTA6tJki+OGFIOVPDaTVqTHzR8=
10,5,Lt9iH0NeTsLDxz8BPj1lLtib1ag=,bllaGQ4cfqZX4ZfOb++1TJgWhTc=
9,5,Lt9iH0NeTsLDxz8BPj1lLtib1ag=,uCa3ncH4oIadRoZqX56VTRCxYNY=
10,6,Lt9iH0NeTsLDxz8BPj1lLtib1ag=,cWY9ltBnB+1FMG2DsV99X+AhdDk=
9,6,Lt9iH0NeTsLDxz8BPj1lLtib1ag=,njNMJN0ChGpAzO6/ps3LPswaYSI=
10,4,Lt9iH0NeTsLDxz8BPj1lLtib1ag=,bllaGQ4cfqZX4ZfOb++1TJgWhTc=
10,3,Lt9iH0NeTsLDxz8BPj1lLtib1ag=,82KmASCd1fgozLdn6ssPO/l6TpI=
9,3,Lt9iH0NeTsLDxz8BPj1lLtib1ag=,CXKGDJ76iN65eA7uoXg0PuYi1jc=
9,4,Lt9iH0NeTsLDxz8BPj1lLtib1ag=,uCa3ncH4oIadRoZqX56VTRCxYNY=
10,1,Lt9iH0NeTsLDxz8BPj1lLtib1ag=,flS4mwlxd7hLQwqdol6RKzCpK0o=
9,2,Lt9iH0NeTsLDxz8BPj1lLtib1ag=,CXKGDJ76iN65eA7uoXg0PuYi1jc=
9,1,Lt9iH0NeTsLDxz8BPj1lLtib1ag=,6eTA6tJki+OGFIOVPDaTVqTHzR8=
10,2,Lt9iH0NeTsLDxz8BPj1lLtib1ag=,82KmASCd1fgozLdn6ssPO/l6TpI=
9,7,C8z8Lx5wyD6ZzXOLcyNIfyg3BrE=,njNMJN0ChGpAzO6/ps3LPswaYSI=
10,8,C8z8Lx5wyD6ZzXOLcyNIfyg3BrE=,vEo299gtXw47wWvuZcyPrJd1lus=
9,8,C8z8Lx5wyD6ZzXOLcyNIfyg3BrE=,pmqN/Eyyk3rKDPEmJwadDg6VwuA=
10,7,C8z8Lx5wyD6ZzXOLcyNIfyg3BrE=,cWY9ltBnB+1FMG2DsV99X+AhdDk=
9,10,C8z8Lx5wyD6ZzXOLcyNIfyg3BrE=,Hm0m/SJW68ow10+m0zv6wZt8BRE=
9,9,C8z8Lx5wyD6ZzXOLcyNIfyg3BrE=,pmqN/Eyyk3rKDPEmJwadDg6VwuA=
10,10,C8z8Lx5wyD6ZzXOLcyNIfyg3BrE=,grK6BkTB77bf6Rtvsky5t8WvOvI=
10,9,C8z8Lx5wyD6ZzXOLcyNIfyg3BrE=,vEo299gtXw47wWvuZcyPrJd1lus=
10,11,C8z8Lx5wyD6ZzXOLcyNIfyg3BrE=,grK6BkTB77bf6Rtvsky5t8WvOvI=
9,12,C8z8Lx5wyD6ZzXOLcyNIfyg3BrE=,Tu4f/ixH545Re7B+5VfeI1iaIeA=
9,11,C8z8Lx5wyD6ZzXOLcyNIfyg3BrE=,Hm0m/SJW68ow10+m0zv6wZt8BRE=
10,12,C8z8Lx5wyD6ZzXOLcyNIfyg3BrE=,bcmcQC5yxSLxsqcK5TZvJIEdxkw=
10,14,C8z8Lx5wyD6ZzXOLcyNIfyg3BrE=,0qP7TSrp7Pve5wMbaQsLTN+RjUs=
9,14,C8z8Lx5wyD6ZzXOLcyNIfyg3BrE=,PBdPUTpwJDVT0dcbx75055ClcRg=
10,13,C8z8Lx5wyD6ZzXOLcyNIfyg3BrE=,bcmcQC5yxSLxsqcK5TZvJIEdxkw=
9,13,C8z8Lx5wyD6ZzXOLcyNIfyg3BrE=,Tu4f/ixH545Re7B+5VfeI1iaIeA=
11,9,02f2XqxSB/hUl07DT1Fp+B0ihVc=,vEo299gtXw47wWvuZcyPrJd1lus=
12,9,02f2XqxSB/hUl07DT1Fp+B0ihVc=,QE+kOEEu3Mv7mH4sbLfP+lsLDy4=
12,10,02f2XqxSB/hUl07DT1Fp+B0ihVc=,fQ8eAheYP0q9wO+xlaNFWcf4J8I=
11,10,02f2XqxSB/hUl07DT1Fp+B0ihVc=,grK6BkTB77bf6Rtvsky5t8WvOvI=
12,12,1iw4BCx4bzVWYtmroKebUfcurek=,odJiNs9xSYYi/oYYxWhImQBiQMQ=
12,11,1iw4BCx4bzVWYtmroKebUfcurek=,fQ8eAheYP0q9wO+xlaNFWcf4J8I=
11,12,1iw4BCx4bzVWYtmroKebUfcurek=,bcmcQC5yxSLxsqcK5TZvJIEdxkw=
11,11,1iw4BCx4bzVWYtmroKebUfcurek=,grK6BkTB77bf6Rtvsky5t8WvOvI=
11,14,1iw4BCx4bzVWYtmroKebUfcurek=,0qP7TSrp7Pve5wMbaQsLTN+RjUs=
12,13,1iw4BCx4bzVWYtmroKebUfcurek=,odJiNs9xSYYi/oYYxWhImQBiQMQ=
12,14,1iw4BCx4bzVWYtmroKebUfcurek=,46PO8OphYbW4i4VxT8jMIQWkaoI=
11,13,1iw4BCx4bzVWYtmroKebUfcurek=,bcmcQC5yxSLxsqcK5TZvJIEdxkw=
12,7,yJSzdt4FF9cAoCaMH6XV+nXhWqE=,8JhUUtyr9yLXFhq0Mqt8hShebC0=
11,8,yJSzdt4FF9cAoCaMH6XV+nXhWqE=,vEo299gtXw47wWvuZcyPrJd1lus=
12,8,yJSzdt4FF9cAoCaMH6XV+nXhWqE=,QE+kOEEu3Mv7mH4sbLfP+lsLDy4=
11,7,yJSzdt4FF9cAoCaMH6XV+nXhWqE=,cWY9ltBnB+1FMG2DsV99X+AhdDk=
11,5,yJSzdt4FF9cAoCaMH6XV+nXhWqE=,bllaGQ4cfqZX4ZfOb++1TJgWhTc=
12,6,yJSzdt4FF9cAoCaMH6XV+nXhWqE=,8JhUUtyr9yLXFhq0Mqt8hShebC0=
12,5,yJSzdt4FF9cAoCaMH6XV+nXhWqE=,YZdbRsdhFg2omZNwrAlC85u6/3k=
11,6,yJSzdt4FF9cAoCaMH6XV+nXhWqE=,cWY9ltBnB+1FMG2DsV99X+AhdDk=
12,4,yJSzdt4FF9cAoCaMH6XV+nXhWqE=,YZdbRsdhFg2omZNwrAlC85u6/3k=
12,3,yJSzdt4FF9cAoCaMH6XV+nXhWqE=,MZ/XiKaofDLa/+mfOdy5o86/GGQ=
11,4,yJSzdt4FF9cAoCaMH6XV+nXhWqE=,bllaGQ4cfqZX4ZfOb++1TJgWhTc=
11,3,yJSzdt4FF9cAoCaMH6XV+nXhWqE=,82KmASCd1fgozLdn6ssPO/l6TpI=
12,2,yJSzdt4FF9cAoCaMH6XV+nXhWqE=,MZ/XiKaofDLa/+mfOdy5o86/GGQ=
11,1,yJSzdt4FF9cAoCaMH6XV+nXhWqE=,flS4mwlxd7hLQwqdol6RKzCpK0o=
12,1,yJSzdt4FF9cAoCaMH6XV+nXhWqE=,AFymiMFR/I09EKxC7W5Tqg0KxSM=
11,2,yJSzdt4FF9cAoCaMH6XV+nXhWqE=,82KmASCd1fgozLdn6ssPO/l6TpI=
13,5,Vvm06RgfEkGnn06yFUvkn78rw9I=,YZdbRsdhFg2omZNwrAlC85u6/3k=
14,6,Vvm06RgfEkGnn06yFUvkn78rw9I=,sfoQhcrDTOyFtPOF2ASWK7dADTI=
13,6,Vvm06RgfEkGnn06yFUvkn78rw9I=,8JhUUtyr9yLXFhq0Mqt8hShebC0=
14,5,Vvm06RgfEkGnn06yFUvkn78rw9I=,HwoODFzC6LlJ4CTgdY1saTwIqYM=
13,4,Vvm06RgfEkGnn06yFUvkn78rw9I=,YZdbRsdhFg2omZNwrAlC85u6/3k=
14,4,Vvm06RgfEkGnn06yFUvkn78rw9I=,HwoODFzC6LlJ4CTgdY1saTwIqYM=
14,3,Vvm06RgfEkGnn06yFUvkn78rw9I=,RLSUyCFp73Y0Nzf367dRD2nyXwM=
13,3,Vvm06RgfEkGnn06yFUvkn78rw9I=,MZ/XiKaofDLa/+mfOdy5o86/GGQ=
14,1,Vvm06RgfEkGnn06yFUvkn78rw9I=,1a5WoTwzFUSAsuMd9L9/eqeP4A4=
13,1,Vvm06RgfEkGnn06yFUvkn78rw9I=,AFymiMFR/I09EKxC7W5Tqg0KxSM=
14,2,Vvm06RgfEkGnn06yFUvkn78rw9I=,RLSUyCFp73Y0Nzf367dRD2nyXwM=
13,2,Vvm06RgfEkGnn06yFUvkn78rw9I=,MZ/XiKaofDLa/+mfOdy5o86/GGQ=
14,8,Ad2zjnA5sR7LA9s4uwz0n0Jp0Ic=,kHMZRHE6hZ72Eu++2CiWrc9z/gg=
14,7,Ad2zjnA5sR7LA9s4uwz0n0Jp0Ic=,sfoQhcrDTOyFtPOF2ASWK7dADTI=
13,8,Ad2zjnA5sR7LA9s4uwz0n0Jp0Ic=,QE+kOEEu3Mv7mH4sbLfP+lsLDy4=
13,7,Ad2zjnA5sR7LA9s4uwz0n0Jp0Ic=,8JhUUtyr9yLXFhq0Mqt8hShebC0=
14,10,Ad2zjnA5sR7LA9s4uwz0n0Jp0Ic=,pUPXV2+Jy3lbXZq1kC8TOvIc/X4=
14,9,Ad2zjnA5sR7LA9s4uwz0n0Jp0Ic=,kHMZRHE6hZ72Eu++2CiWrc9z/gg=
13,10,Ad2zjnA5sR7LA9s4uwz0n0Jp0Ic=,fQ8eAheYP0q9wO+xlaNFWcf4J8I=
13,9,Ad2zjnA5sR7LA9s4uwz0n0Jp0Ic=,QE+kOEEu3Mv7mH4sbLfP+lsLDy4=
11,15,Ad2zjnA5sR7LA9s4uwz0n0Jp0Ic=,0qP7TSrp7Pve5wMbaQsLTN+RjUs=
12,15,Ad2zjnA5sR7LA9s4uwz0n0Jp0Ic=,46PO8OphYbW4i4VxT8jMIQWkaoI=
9,15,yyM8pH3YTbngX6Wjx/QN49BSVp0=,PBdPUTpwJDVT0dcbx75055ClcRg=
10,15,yyM8pH3YTbngX6Wjx/QN49BSVp0=,0qP7TSrp7Pve5wMbaQsLTN+RjUs=
15,11,yyM8pH3YTbngX6Wjx/QN49BSVp0=,pUPXV2+Jy3lbXZq1kC8TOvIc/X4=
14,12,yyM8pH3YTbngX6Wjx/QN49BSVp0=,1W5st2PPfzDIEwJ/cE342tbKjKA=
15,12,yyM8pH3YTbngX6Wjx/QN49BSVp0=,1W5st2PPfzDIEwJ/cE342tbKjKA=
13,12,yyM8pH3YTbngX6Wjx/QN49BSVp0=,odJiNs9xSYYi/oYYxWhImQBiQMQ=
13,11,yyM8pH3YTbngX6Wjx/QN49BSVp0=,fQ8eAheYP0q9wO+xlaNFWcf4J8I=
14,11,yyM8pH3YTbngX6Wjx/QN49BSVp0=,pUPXV2+Jy3lbXZq1kC8TOvIc/X4=
7,15,yyM8pH3YTbngX6Wjx/QN49BSVp0=,VrWICIDU/A86vc9c9KAn7JsT6wg=
8,15,yyM8pH3YTbngX6Wjx/QN49BSVp0=,PBdPUTpwJDVT0dcbx75055ClcRg=
6,15,yyM8pH3YTbngX6Wjx/QN49BSVp0=,VrWICIDU/A86vc9c9KAn7JsT6wg=
5,15,yyM8pH3YTbngX6Wjx/QN49BSVp0=,Hp+OynH9X528aiq+CyV+0DyFLik=
3,15,yyM8pH3YTbngX6Wjx/QN49BSVp0=,prDdhKDpBqodONNVjNYt0CpNLwg=
4,15,yyM8pH3YTbngX6Wjx/QN49BSVp0=,Hp+OynH9X528aiq+CyV+0DyFLik=
2,15,yyM8pH3YTbngX6Wjx/QN49BSVp0=,prDdhKDpBqodONNVjNYt0CpNLwg=
1,15,yyM8pH3YTbngX6Wjx/QN49BSVp0=,Nkmgd2zcefnclDQ1I4jNsFyWwv0=
0,13,yyM8pH3YTbngX6Wjx/QN49BSVp0=,eut4XmhzYHSDgg+VoQY5dOtFQ78=
0,14,yyM8pH3YTbngX6Wjx/QN49BSVp0=,Nkmgd2zcefnclDQ1I4jNsFyWwv0=
0,12,yyM8pH3YTbngX6Wjx/QN49BSVp0=,eut4XmhzYHSDgg+VoQY5dOtFQ78=
0,11,yyM8pH3YTbngX6Wjx/QN49BSVp0=,46Wis+cUQw5qK84yePMVrzugzAY=
0,10,yyM8pH3YTbngX6Wjx/QN49BSVp0=,46Wis+cUQw5qK84yePMVrzugzAY=
0,9,yyM8pH3YTbngX6Wjx/QN49BSVp0=,JyZ8m3fEBIWH/GSwa5DdlpHLLsU=
0,8,yyM8pH3YTbngX6Wjx/QN49BSVp0=,JyZ8m3fEBIWH/GSwa5DdlpHLLsU=
0,7,yyM8pH3YTbngX6Wjx/QN49BSVp0=,MAesx8osIRpWxgiPs84QP7swq6Y=
13,13,yyM8pH3YTbngX6Wjx/QN49BSVp0=,odJiNs9xSYYi/oYYxWhImQBiQMQ=
14,14,yyM8pH3YTbngX6Wjx/QN49BSVp0=,vvVxZMDf6CxBi9DrWITrzttC6BM=
14,15,yyM8pH3YTbngX6Wjx/QN49BSVp0=,vvVxZMDf6CxBi9DrWITrzttC6BM=
15,14,yyM8pH3YTbngX6Wjx/QN49BSVp0=,vvVxZMDf6CxBi9DrWITrzttC6BM=
13,15,yyM8pH3YTbngX6Wjx/QN49BSVp0=,46PO8OphYbW4i4VxT8jMIQWkaoI=
15,13,yyM8pH3YTbngX6Wjx/QN49BSVp0=,1W5st2PPfzDIEwJ/cE342tbKjKA=
13,14,yyM8pH3YTbngX6Wjx/QN49BSVp0=,46PO8OphYbW4i4VxT8jMIQWkaoI=
14,13,yyM8pH3YTbngX6Wjx/QN49BSVp0=,1W5st2PPfzDIEwJ/cE342tbKjKA=
0,6,yyM8pH3YTbngX6Wjx/QN49BSVp0=,MAesx8osIRpWxgiPs84QP7swq6Y=
0,5,yyM8pH3YTbngX6Wjx/QN49BSVp0=,hwiWcQKd70Ksma0vMCzYif0eHi0=
15,15,yyM8pH3YTbngX6Wjx/QN49BSVp0=,vvVxZMDf6CxBi9DrWITrzttC6BM=
0,4,yyM8pH3YTbngX6Wjx/QN49BSVp0=,hwiWcQKd70Ksma0vMCzYif0eHi0=
0,3,yyM8pH3YTbngX6Wjx/QN49BSVp0=,e14X7sAZyswSEWwtLNOOQ6D4fKc=
2,0,yyM8pH3YTbngX6Wjx/QN49BSVp0=,hd/2Ex/St73C1I3/lMew88j82Qk=
1,0,yyM8pH3YTbngX6Wjx/QN49BSVp0=,w9mHLuYaVJCAIOs3VEbVvd2hfkc=
0,0,yyM8pH3YTbngX6Wjx/QN49BSVp0=,w9mHLuYaVJCAIOs3VEbVvd2hfkc=
0,2,yyM8pH3YTbngX6Wjx/QN49BSVp0=,e14X7sAZyswSEWwtLNOOQ6D4fKc=
0,1,yyM8pH3YTbngX6Wjx/QN49BSVp0=,w9mHLuYaVJCAIOs3VEbVvd2hfkc=
3,0,yyM8pH3YTbngX6Wjx/QN49BSVp0=,hd/2Ex/St73C1I3/lMew88j82Qk=
4,0,yyM8pH3YTbngX6Wjx/QN49BSVp0=,G6Q4l8+u6RqK54uA2stD3LukAeU=
6,0,yyM8pH3YTbngX6Wjx/QN49BSVp0=,6kl9ImpSN6uEyEhTaVxVe/hZkWI=
5,0,yyM8pH3YTbngX6Wjx/QN49BSVp0=,G6Q4l8+u6RqK54uA2stD3LukAeU=
8,0,yyM8pH3YTbngX6Wjx/QN49BSVp0=,6eTA6tJki+OGFIOVPDaTVqTHzR8=
10,0,yyM8pH3YTbngX6Wjx/QN49BSVp0=,flS4mwlxd7hLQwqdol6RKzCpK0o=
12,0,yyM8pH3YTbngX6Wjx/QN49BSVp0=,AFymiMFR/I09EKxC7W5Tqg0KxSM=
7,0,yyM8pH3YTbngX6Wjx/QN49BSVp0=,6kl9ImpSN6uEyEhTaVxVe/hZkWI=
11,0,yyM8pH3YTbngX6Wjx/QN49BSVp0=,flS4mwlxd7hLQwqdol6RKzCpK0o=
13,0,yyM8pH3YTbngX6Wjx/QN49BSVp0=,AFymiMFR/I09EKxC7W5Tqg0KxSM=
9,0,yyM8pH3YTbngX6Wjx/QN49BSVp0=,6eTA6tJki+OGFIOVPDaTVqTHzR8=
14,0,yyM8pH3YTbngX6Wjx/QN49BSVp0=,1a5WoTwzFUSAsuMd9L9/eqeP4A4=
15,2,yyM8pH3YTbngX6Wjx/QN49BSVp0=,RLSUyCFp73Y0Nzf367dRD2nyXwM=
15,1,yyM8pH3YTbngX6Wjx/QN49BSVp0=,1a5WoTwzFUSAsuMd9L9/eqeP4A4=
15,3,yyM8pH3YTbngX6Wjx/QN49BSVp0=,RLSUyCFp73Y0Nzf367dRD2nyXwM=
15,4,yyM8pH3YTbngX6Wjx/QN49BSVp0=,HwoODFzC6LlJ4CTgdY1saTwIqYM=
15,6,yyM8pH3YTbngX6Wjx/QN49BSVp0=,sfoQhcrDTOyFtPOF2ASWK7dADTI=
15,5,yyM8pH3YTbngX6Wjx/QN49BSVp0=,HwoODFzC6LlJ4CTgdY1saTwIqYM=
0,15,yyM8pH3YTbngX6Wjx/QN49BSVp0=,Nkmgd2zcefnclDQ1I4jNsFyWwv0=
15,10,yyM8pH3YTbngX6Wjx/QN49BSVp0=,pUPXV2+Jy3lbXZq1kC8TOvIc/X4=
15,0,yyM8pH3YTbngX6Wjx/QN49BSVp0=,1a5WoTwzFUSAsuMd9L9/eqeP4A4=
15,9,yyM8pH3YTbngX6Wjx/QN49BSVp0=,kHMZRHE6hZ72Eu++2CiWrc9z/gg=
15,7,yyM8pH3YTbngX6Wjx/QN49BSVp0=,sfoQhcrDTOyFtPOF2ASWK7dADTI=
15,8,yyM8pH3YTbngX6Wjx/QN49BSVp0=,kHMZRHE6hZ72Eu++2CiWrc9z/gg=
2,30,XkPDxN6dnpmNDIp/Mt0C8qY4CBs=,9EWbDZ4SzbxR2udnufgM0Gta1V8=
1,30,XkPDxN6dnpmNDIp/Mt0C8qY4CBs=,MMDcwfGSCeKRyPEJrc+vIH4jw8I=
1,29,XkPDxN6dnpmNDIp/Mt0C8qY4CBs=,0x3fXYCPIldNVEYo/tP7DVJcLsI=
2,29,XkPDxN6dnpmNDIp/Mt0C8qY4CBs=,sdLy75xbPD1QI+vOV6Ti1pAAwmY=
1,27,vfocJklZobb71QOROa/Y56f1y58=,QFUloBxoRbCfBiziYExiMfIE/sE=
1,26,vfocJklZobb71QOROa/Y56f1y58=,QFUloBxoRbCfBiziYExiMfIE/sE=
2,26,vfocJklZobb71QOROa/Y56f1y58=,6Tnd3JF5NhLI+rcDw1AVIe52Fc8=
1,25,vfocJklZobb71QOROa/Y56f1y58=,ahr4hpmLGZHiU8I1LJ8jomM7/Uo=
2,27,vfocJklZobb71QOROa/Y56f1y58=,6Tnd3JF5NhLI+rcDw1AVIe52Fc8=
2,25,vfocJklZobb71QOROa/Y56f1y58=,C4rCUzQBsQNiSsVH8IRUdxzBuho=
2,28,vfocJklZobb71QOROa/Y56f1y58=,sdLy75xbPD1QI+vOV6Ti1pAAwmY=
1,28,vfocJklZobb71QOROa/Y56f1y58=,0x3fXYCPIldNVEYo/tP7DVJcLsI=
2,24,JtUn5gwkUFlN4UXQI7ymGHOWsBw=,C4rCUzQBsQNiSsVH8IRUdxzBuho=
2,23,JtUn5gwkUFlN4UXQI7ymGHOWsBw=,g/9CUohox9FG4TPNog67/eO23Ok=
1,24,JtUn5gwkUFlN4UXQI7ymGHOWsBw=,ahr4hpmLGZHiU8I1LJ8jomM7/Uo=
1,23,JtUn5gwkUFlN4UXQI7ymGHOWsBw=,YtR73cbjluO0+cHJEO2yweIPFyU=
1,21,JtUn5gwkUFlN4UXQI7ymGHOWsBw=,54srl87V2Eo7abCaXN3gVVSPV+0=
1,22,JtUn5gwkUFlN4UXQI7ymGHOWsBw=,YtR73cbjluO0+cHJEO2yweIPFyU=
2,21,JtUn5gwkUFlN4UXQI7ymGHOWsBw=,vBWrv9UrlyEECvA0L5qOPW9PPdw=
2,22,JtUn5gwkUFlN4UXQI7ymGHOWsBw=,g/9CUohox9FG4TPNog67/eO23Ok=
1,20,gZUax9BX7D0NS5B2UzAIevSn518=,54srl87V2Eo7abCaXN3gVVSPV+0=
1,19,gZUax9BX7D0NS5B2UzAIevSn518=,50529furv42nY9iOSHE0H3FYLVg=
2,19,gZUax9BX7D0NS5B2UzAIevSn518=,4joonONJgxHAw0VlpKX26AkpwRI=
2,20,gZUax9BX7D0NS5B2UzAIevSn518=,vBWrv9UrlyEECvA0L5qOPW9PPdw=
4,18,l+AdPnODHBtc5Jk9L/XzNs2Bduw=,RXP9JczE38bcJrSdFs5+pBv0IvY=
4,17,l+AdPnODHBtc5Jk9L/XzNs2Bduw=,dnPK+LP5NQV8V+dfHb7OFDOzuE8=
3,17,l+AdPnODHBtc5Jk9L/XzNs2Bduw=,+hFGQTIZs/bQ4q7vDcle64g+IuU=
3,18,l+AdPnODHBtc5Jk9L/XzNs2Bduw=,4joonONJgxHAw0VlpKX26AkpwRI=
1,17,l+AdPnODHBtc5Jk9L/XzNs2Bduw=,aeaD9rD0pnt8vELa3KyO4pOfquU=
1,18,l+AdPnODHBtc5Jk9L/XzNs2Bduw=,50529furv42nY9iOSHE0H3FYLVg=
2,17,l+AdPnODHBtc5Jk9L/XzNs2Bduw=,+hFGQTIZs/bQ4q7vDcle64g+IuU=
2,18,l+AdPnODHBtc5Jk9L/XzNs2Bduw=,4joonONJgxHAw0VlpKX26AkpwRI=
4,20,l+AdPnODHBtc5Jk9L/XzNs2Bduw=,N2f3AEuVOGaKHH8uLTL0jKn/pdQ=
3,19,l+AdPnODHBtc5Jk9L/XzNs2Bduw=,4joonONJgxHAw0VlpKX26AkpwRI=
3,20,l+AdPnODHBtc5Jk9L/XzNs2Bduw=,vBWrv9UrlyEECvA0L5qOPW9PPdw=
4,22,l+AdPnODHBtc5Jk9L/XzNs2Bduw=,KQAV7UH8/Hok1wnl2RhYfdK3wYg=
3,22,l+AdPnODHBtc5Jk9L/XzNs2Bduw=,g/9CUohox9FG4TPNog67/eO23Ok=
4,19,l+AdPnODHBtc5Jk9L/XzNs2Bduw=,RXP9JczE38bcJrSdFs5+pBv0IvY=
4,21,l+AdPnODHBtc5Jk9L/XzNs2Bduw=,N2f3AEuVOGaKHH8uLTL0jKn/pdQ=
3,21,l+AdPnODHBtc5Jk9L/XzNs2Bduw=,vBWrv9UrlyEECvA0L5qOPW9PPdw=
4,24,WZkoiPMUv/GLW/7w3Yy89TmPv2k=,6FqfPB1/zbM7a07gdgx7kQ6BjqM=
3,23,WZkoiPMUv/GLW/7w3Yy89TmPv2k=,g/9CUohox9FG4TPNog67/eO23Ok=
4,23,WZkoiPMUv/GLW/7w3Yy89TmPv2k=,KQAV7UH8/Hok1wnl2RhYfdK3wYg=
3,24,WZkoiPMUv/GLW/7w3Yy89TmPv2k=,C4rCUzQBsQNiSsVH8IRUdxzBuho=
5,22,WZkoiPMUv/GLW/7w3Yy89TmPv2k=,KQAV7UH8/Hok1wnl2RhYfdK3wYg=
6,22,WZkoiPMUv/GLW/7w3Yy89TmPv2k=,MyCIOPu9hJeQCvkmqgwG7ZVKmpI=
6,21,WZkoiPMUv/GLW/7w3Yy89TmPv2k=,DPc2gizONCXSo/06QEpkrtTgGrM=
5,21,WZkoiPMUv/GLW/7w3Yy89TmPv2k=,N2f3AEuVOGaKHH8uLTL0jKn/pdQ=
5,24,WZkoiPMUv/GLW/7w3Yy89TmPv2k=,6FqfPB1/zbM7a07gdgx7kQ6BjqM=
6,24,WZkoiPMUv/GLW/7w3Yy89TmPv2k=,FIB9g5IqWr42RRtW1g+q1z2EHCk=
5,23,WZkoiPMUv/GLW/7w3Yy89TmPv2k=,KQAV7UH8/Hok1wnl2RhYfdK3wYg=
6,23,WZkoiPMUv/GLW/7w3Yy89TmPv2k=,MyCIOPu9hJeQCvkmqgwG7ZVKmpI=
8,21,DX4hn5CJXLgi8SX+gpw1J+me09k=,QWuK284+rmW1gv9+UvVhWYdjDJ8=
8,22,DX4hn5CJXLgi8SX+gpw1J+me09k=,xSWPvprBK6Mk6W9ijexUSLo1dB0=
7,22,DX4hn5CJXLgi8SX+gpw1J+me09k=,MyCIOPu9hJeQCvkmqgwG7ZVKmpI=
7,21,DX4hn5CJXLgi8SX+gpw1J+me09k=,DPc2gizONCXSo/06QEpkrtTgGrM=
8,24,DX4hn5CJXLgi8SX+gpw1J+me09k=,QbglebXf21LzO9Vefv3Q9D5j8qw=
8,23,DX4hn5CJXLgi8SX+gpw1J+me09k=,xSWPvprBK6Mk6W9ijexUSLo1dB0=
7,24,DX4hn5CJXLgi8SX+gpw1J+me09k=,FIB9g5IqWr42RRtW1g+q1z2EHCk=
7,23,DX4hn5CJXLgi8SX+gpw1J+me09k=,MyCIOPu9hJeQCvkmqgwG7ZVKmpI=
9,24,njl/TDyVbFSxqhZo+u8PrMNpM3M=,QbglebXf21LzO9Vefv3Q9D5j8qw=
9,23,njl/TDyVbFSxqhZo+u8PrMNpM3M=,xSWPvprBK6Mk6W9ijexUSLo1dB0=
10,24,njl/TDyVbFSxqhZo+u8PrMNpM3M=,5otIadiGCotJw3snGF18zT/Bk70=
10,23,njl/TDyVbFSxqhZo+u8PrMNpM3M=,c/xtKCuVlyXi1YXECqK0jhHqAdA=
12,24,njl/TDyVbFSxqhZo+u8PrMNpM3M=,mIe8MVSvAseUlENe2ooLrAyjTJY=
12,23,njl/TDyVbFSxqhZo+u8PrMNpM3M=,+8xcnaFKV/yFo5Z0Fgrw6S6RrsM=
11,23,njl/TDyVbFSxqhZo+u8PrMNpM3M=,c/xtKCuVlyXi1YXECqK0jhHqAdA=
11,24,njl/TDyVbFSxqhZo+u8PrMNpM3M=,5otIadiGCotJw3snGF18zT/Bk70=
9,22,To09VcCkUhm5GvxUezQgCdROBFg=,xSWPvprBK6Mk6W9ijexUSLo1dB0=
12,21,To09VcCkUhm5GvxUezQgCdROBFg=,SmBGBNf03Eldq6JJyEzjwu3Pvrc=
10,21,To09VcCkUhm5GvxUezQgCdROBFg=,/0zt6wjTnfbEeYo78SF1QtHgkUQ=
11,21,To09VcCkUhm5GvxUezQgCdROBFg=,/0zt6wjTnfbEeYo78SF1QtHgkUQ=
12,22,To09VcCkUhm5GvxUezQgCdROBFg=,+8xcnaFKV/yFo5Z0Fgrw6S6RrsM=
9,21,To09VcCkUhm5GvxUezQgCdROBFg=,QWuK284+rmW1gv9+UvVhWYdjDJ8=
11,22,To09VcCkUhm5GvxUezQgCdROBFg=,c/xtKCuVlyXi1YXECqK0jhHqAdA=
10,22,To09VcCkUhm5GvxUezQgCdROBFg=,c/xtKCuVlyXi1YXECqK0jhHqAdA=
11,20,To09VcCkUhm5GvxUezQgCdROBFg=,/0zt6wjTnfbEeYo78SF1QtHgkUQ=
12,20,To09VcCkUhm5GvxUezQgCdROBFg=,SmBGBNf03Eldq6JJyEzjwu3Pvrc=
11,19,To09VcCkUhm5GvxUezQgCdROBFg=,wNFxGuf7ZDkzKRdLz6/2dQE9rvE=
12,19,To09VcCkUhm5GvxUezQgCdROBFg=,SebEwE7ZLgpOYWpggnYtVv8UBCU=
11,18,lrMP19q6T1Fp+BpGrMKJAt4do/Q=,wNFxGuf7ZDkzKRdLz6/2dQE9rvE=
11,17,lrMP19q6T1Fp+BpGrMKJAt4do/Q=,GeA1tZjW7Z7RKB68lmcUHk9HVAo=
12,17,lrMP19q6T1Fp+BpGrMKJAt4do/Q=,sGVGb8NOtTXjSUaqQyOieFhhsLI=
12,18,lrMP19q6T1Fp+BpGrMKJAt4do/Q=,SebEwE7ZLgpOYWpggnYtVv8UBCU=
13,20,lrMP19q6T1Fp+BpGrMKJAt4do/Q=,SmBGBNf03Eldq6JJyEzjwu3Pvrc=
14,20,lrMP19q6T1Fp+BpGrMKJAt4do/Q=,OEl3Tk1q7RYqRwkJTvFF4tdQFvQ=
14,19,lrMP19q6T1Fp+BpGrMKJAt4do/Q=,qUs5KybwDpkcfQsfIZuPFnYhes8=
13,19,lrMP19q6T1Fp+BpGrMKJAt4do/Q=,SebEwE7ZLgpOYWpggnYtVv8UBCU=
13,18,lrMP19q6T1Fp+BpGrMKJAt4do/Q=,SebEwE7ZLgpOYWpggnYtVv8UBCU=
14,17,lrMP19q6T1Fp+BpGrMKJAt4do/Q=,aBK01hZ/KxsGPZyxVec6OoiSCmw=
14,18,lrMP19q6T1Fp+BpGrMKJAt4do/Q=,qUs5KybwDpkcfQsfIZuPFnYhes8=
13,17,lrMP19q6T1Fp+BpGrMKJAt4do/Q=,sGVGb8NOtTXjSUaqQyOieFhhsLI=
13,22,SPZ/ZjUTE+0MuH8kl+CDCmM5ZtQ=,+8xcnaFKV/yFo5Z0Fgrw6S6RrsM=
14,22,SPZ/ZjUTE+0MuH8kl+CDCmM5ZtQ=,8wXJvC34RAofLppxzoP7RUMTlUk=
14,21,SPZ/ZjUTE+0MuH8kl+CDCmM5ZtQ=,OEl3Tk1q7RYqRwkJTvFF4tdQFvQ=
13,21,SPZ/ZjUTE+0MuH8kl+CDCmM5ZtQ=,SmBGBNf03Eldq6JJyEzjwu3Pvrc=
13,24,SPZ/ZjUTE+0MuH8kl+CDCmM5ZtQ=,mIe8MVSvAseUlENe2ooLrAyjTJY=
13,23,SPZ/ZjUTE+0MuH8kl+CDCmM5ZtQ=,+8xcnaFKV/yFo5Z0Fgrw6S6RrsM=
14,24,SPZ/ZjUTE+0MuH8kl+CDCmM5ZtQ=,s8p4nX8cIHOtqrVZnqXuKMTWEsM=
14,23,SPZ/ZjUTE+0MuH8kl+CDCmM5ZtQ=,8wXJvC34RAofLppxzoP7RUMTlUk=
14,25,SPZ/ZjUTE+0MuH8kl+CDCmM5ZtQ=,s8p4nX8cIHOtqrVZnqXuKMTWEsM=
13,25,SPZ/ZjUTE+0MuH8kl+CDCmM5ZtQ=,mIe8MVSvAseUlENe2ooLrAyjTJY=
14,26,SPZ/ZjUTE+0MuH8kl+CDCmM5ZtQ=,V71Wj6QN8enkkFFhN1o/jKiyAGg=
13,26,SPZ/ZjUTE+0MuH8kl+CDCmM5ZtQ=,Kj+c9OmbxPxNtLhLmFBYgmVks2g=
14,27,tJevvBAUWHmPMMn+WOrMeL/EiU4=,V71Wj6QN8enkkFFhN1o/jKiyAGg=
13,30,tJevvBAUWHmPMMn+WOrMeL/EiU4=,0guxhz8AZnNkvNVVAW6E0gBM8xg=
13,28,tJevvBAUWHmPMMn+WOrMeL/EiU4=,GIbC8dYAEegQEx84jVJwIwPcq4Y=
14,28,tJevvBAUWHmPMMn+WOrMeL/EiU4=,uOQK6lr25MysesF+vdmDjRPJvx4=
13,27,tJevvBAUWHmPMMn+WOrMeL/EiU4=,Kj+c9OmbxPxNtLhLmFBYgmVks2g=
14,29,tJevvBAUWHmPMMn+WOrMeL/EiU4=,uOQK6lr25MysesF+vdmDjRPJvx4=
13,29,tJevvBAUWHmPMMn+WOrMeL/EiU4=,GIbC8dYAEegQEx84jVJwIwPcq4Y=
14,30,tJevvBAUWHmPMMn+WOrMeL/EiU4=,UfMso91ng7f2LvczCSeFOB4XEuc=
11,30,WE0wdvQ853pYnjP6uWnidWvq6dc=,ji71prYxffiUuLX3EngOPQ+H70k=
12,29,WE0wdvQ853pYnjP6uWnidWvq6dc=,GIbC8dYAEegQEx84jVJwIwPcq4Y=
12,30,WE0wdvQ853pYnjP6uWnidWvq6dc=,0guxhz8AZnNkvNVVAW6E0gBM8xg=
11,29,WE0wdvQ853pYnjP6uWnidWvq6dc=,Oey7LjRqTFc4ix/vNjPufQ4bJ9w=
12,25,WE0wdvQ853pYnjP6uWnidWvq6dc=,mIe8MVSvAseUlENe2ooLrAyjTJY=
11,26,WE0wdvQ853pYnjP6uWnidWvq6dc=,vHD8ZKTJaH4ggyZx+e9J+0of6WI=
11,25,WE0wdvQ853pYnjP6uWnidWvq6dc=,5otIadiGCotJw3snGF18zT/Bk70=
12,26,WE0wdvQ853pYnjP6uWnidWvq6dc=,Kj+c9OmbxPxNtLhLmFBYgmVks2g=
12,27,WE0wdvQ853pYnjP6uWnidWvq6dc=,Kj+c9OmbxPxNtLhLmFBYgmVks2g=
11,27,WE0wdvQ853pYnjP6uWnidWvq6dc=,vHD8ZKTJaH4ggyZx+e9J+0of6WI=
12,28,WE0wdvQ853pYnjP6uWnidWvq6dc=,GIbC8dYAEegQEx84jVJwIwPcq4Y=
11,28,WE0wdvQ853pYnjP6uWnidWvq6dc=,Oey7LjRqTFc4ix/vNjPufQ4bJ9w=
9,25,E9ir9kfg1szvyewQLoPeEfjSV8Y=,QbglebXf21LzO9Vefv3Q9D5j8qw=
9,26,E9ir9kfg1szvyewQLoPeEfjSV8Y=,MvOlCR29t5smsjxXzHg1YtUjZ/Y=
10,25,E9ir9kfg1szvyewQLoPeEfjSV8Y=,5otIadiGCotJw3snGF18zT/Bk70=
10,26,E9ir9kfg1szvyewQLoPeEfjSV8Y=,vHD8ZKTJaH4ggyZx+e9J+0of6WI=
9,30,E9ir9kfg1szvyewQLoPeEfjSV8Y=,4YFAlrRND65XEx5+6N1tu11w6Zs=
10,29,E9ir9kfg1szvyewQLoPeEfjSV8Y=,Oey7LjRqTFc4ix/vNjPufQ4bJ9w=
9,28,E9ir9kfg1szvyewQLoPeEfjSV8Y=,3MBRVqzPKr8iHejRW/3wAS1n6vs=
9,27,E9ir9kfg1szvyewQLoPeEfjSV8Y=,MvOlCR29t5smsjxXzHg1YtUjZ/Y=
10,30,E9ir9kfg1szvyewQLoPeEfjSV8Y=,ji71prYxffiUuLX3EngOPQ+H70k=
10,28,E9ir9kfg1szvyewQLoPeEfjSV8Y=,Oey7LjRqTFc4ix/vNjPufQ4bJ9w=
9,29,E9ir9kfg1szvyewQLoPeEfjSV8Y=,3MBRVqzPKr8iHejRW/3wAS1n6vs=
10,27,E9ir9kfg1szvyewQLoPeEfjSV8Y=,vHD8ZKTJaH4ggyZx+e9J+0of6WI=
7,25,E9ir9kfg1szvyewQLoPeEfjSV8Y=,FIB9g5IqWr42RRtW1g+q1z2EHCk=
8,28,E9ir9kfg1szvyewQLoPeEfjSV8Y=,3MBRVqzPKr8iHejRW/3wAS1n6vs=
8,27,E9ir9kfg1szvyewQLoPeEfjSV8Y=,MvOlCR29t5smsjxXzHg1YtUjZ/Y=
7,26,E9ir9kfg1szvyewQLoPeEfjSV8Y=,QfxcgXCyqcTWcrLvqk7WvE3wiy0=
8,25,E9ir9kfg1szvyewQLoPeEfjSV8Y=,QbglebXf21LzO9Vefv3Q9D5j8qw=
8,26,E9ir9kfg1szvyewQLoPeEfjSV8Y=,MvOlCR29t5smsjxXzHg1YtUjZ/Y=
7,27,E9ir9kfg1szvyewQLoPeEfjSV8Y=,QfxcgXCyqcTWcrLvqk7WvE3wiy0=
7,28,E9ir9kfg1szvyewQLoPeEfjSV8Y=,blAdOzLyO6iwSzNRlGQVjSqhGDY=
7,30,E9ir9kfg1szvyewQLoPeEfjSV8Y=,2uwDQF+2SMxkCHNlV1R1+ixAFU4=
7,29,E9ir9kfg1szvyewQLoPeEfjSV8Y=,blAdOzLyO6iwSzNRlGQVjSqhGDY=
8,29,E9ir9kfg1szvyewQLoPeEfjSV8Y=,3MBRVqzPKr8iHejRW/3wAS1n6vs=
8,30,E9ir9kfg1szvyewQLoPeEfjSV8Y=,4YFAlrRND65XEx5+6N1tu11w6Zs=
4,26,E9ir9kfg1szvyewQLoPeEfjSV8Y=,nY8lukmZfN16LCY7Rj+ROFzOWlY=
6,25,E9ir9kfg1szvyewQLoPeEfjSV8Y=,FIB9g5IqWr42RRtW1g+q1z2EHCk=
3,26,E9ir9kfg1szvyewQLoPeEfjSV8Y=,6Tnd3JF5NhLI+rcDw1AVIe52Fc8=
6,26,E9ir9kfg1szvyewQLoPeEfjSV8Y=,QfxcgXCyqcTWcrLvqk7WvE3wiy0=
3,25,E9ir9kfg1szvyewQLoPeEfjSV8Y=,C4rCUzQBsQNiSsVH8IRUdxzBuho=
4,25,E9ir9kfg1szvyewQLoPeEfjSV8Y=,6FqfPB1/zbM7a07gdgx7kQ6BjqM=
5,25,E9ir9kfg1szvyewQLoPeEfjSV8Y=,6FqfPB1/zbM7a07gdgx7kQ6BjqM=
5,26,E9ir9kfg1szvyewQLoPeEfjSV8Y=,nY8lukmZfN16LCY7Rj+ROFzOWlY=
6,27,E9ir9kfg1szvyewQLoPeEfjSV8Y=,QfxcgXCyqcTWcrLvqk7WvE3wiy0=
3,27,E9ir9kfg1szvyewQLoPeEfjSV8Y=,6Tnd3JF5NhLI+rcDw1AVIe52Fc8=
5,27,E9ir9kfg1szvyewQLoPeEfjSV8Y=,nY8lukmZfN16LCY7Rj+ROFzOWlY=
4,27,E9ir9kfg1szvyewQLoPeEfjSV8Y=,nY8lukmZfN16LCY7Rj+ROFzOWlY=
4,28,E9ir9kfg1szvyewQLoPeEfjSV8Y=,FH2LkuvV2ce6U2JSIq+sQT/O3nA=
3,28,E9ir9kfg1szvyewQLoPeEfjSV8Y=,sdLy75xbPD1QI+vOV6Ti1pAAwmY=
5,28,E9ir9kfg1szvyewQLoPeEfjSV8Y=,FH2LkuvV2ce6U2JSIq+sQT/O3nA=
6,28,E9ir9kfg1szvyewQLoPeEfjSV8Y=,blAdOzLyO6iwSzNRlGQVjSqhGDY=
2,31,O1oI1FjudNpS4l5z2JYsrf2CeW4=,9EWbDZ4SzbxR2udnufgM0Gta1V8=
1,31,O1oI1FjudNpS4l5z2JYsrf2CeW4=,MMDcwfGSCeKRyPEJrc+vIH4jw8I=
3,29,O1oI1FjudNpS4l5z2JYsrf2CeW4=,sdLy75xbPD1QI+vOV6Ti1pAAwmY=
5,29,O1oI1FjudNpS4l5z2JYsrf2CeW4=,FH2LkuvV2ce6U2JSIq+sQT/O3nA=
4,31,O1oI1FjudNpS4l5z2JYsrf2CeW4=,HvaOOysYRoTBTtzuDfgIt7QVgfY=
4,30,O1oI1FjudNpS4l5z2JYsrf2CeW4=,HvaOOysYRoTBTtzuDfgIt7QVgfY=
6,30,O1oI1FjudNpS4l5z2JYsrf2CeW4=,2uwDQF+2SMxkCHNlV1R1+ixAFU4=
5,31,O1oI1FjudNpS4l5z2JYsrf2CeW4=,HvaOOysYRoTBTtzuDfgIt7QVgfY=
6,31,O1oI1FjudNpS4l5z2JYsrf2CeW4=,2uwDQF+2SMxkCHNlV1R1+ixAFU4=
3,30,O1oI1FjudNpS4l5z2JYsrf2CeW4=,9EWbDZ4SzbxR2udnufgM0Gta1V8=
3,31,O1oI1FjudNpS4l5z2JYsrf2CeW4=,9EWbDZ4SzbxR2udnufgM0Gta1V8=
4,29,O1oI1FjudNpS4l5z2JYsrf2CeW4=,FH2LkuvV2ce6U2JSIq+sQT/O3nA=
5,30,O1oI1FjudNpS4l5z2JYsrf2CeW4=,HvaOOysYRoTBTtzuDfgIt7QVgfY=
6,29,O1oI1FjudNpS4l5z2JYsrf2CeW4=,blAdOzLyO6iwSzNRlGQVjSqhGDY=
0,29,O1oI1FjudNpS4l5z2JYsrf2CeW4=,0x3fXYCPIldNVEYo/tP7DVJcLsI=
0,30,O1oI1FjudNpS4l5z2JYsrf2CeW4=,MMDcwfGSCeKRyPEJrc+vIH4jw8I=
0,27,O1oI1FjudNpS4l5z2JYsrf2CeW4=,QFUloBxoRbCfBiziYExiMfIE/sE=
0,25,O1oI1FjudNpS4l5z2JYsrf2CeW4=,ahr4hpmLGZHiU8I1LJ8jomM7/Uo=
0,28,O1oI1FjudNpS4l5z2JYsrf2CeW4=,0x3fXYCPIldNVEYo/tP7DVJcLsI=
0,26,O1oI1FjudNpS4l5z2JYsrf2CeW4=,QFUloBxoRbCfBiziYExiMfIE/sE=
0,24,O1oI1FjudNpS4l5z2JYsrf2CeW4=,ahr4hpmLGZHiU8I1LJ8jomM7/Uo=
0,23,O1oI1FjudNpS4l5z2JYsrf2CeW4=,YtR73cbjluO0+cHJEO2yweIPFyU=
0,21,O1oI1FjudNpS4l5z2JYsrf2CeW4=,54srl87V2Eo7abCaXN3gVVSPV+0=
0,22,O1oI1FjudNpS4l5z2JYsrf2CeW4=,YtR73cbjluO0+cHJEO2yweIPFyU=
0,20,O1oI1FjudNpS4l5z2JYsrf2CeW4=,54srl87V2Eo7abCaXN3gVVSPV+0=
0,19,O1oI1FjudNpS4l5z2JYsrf2CeW4=,50529furv42nY9iOSHE0H3FYLVg=
0,17,O1oI1FjudNpS4l5z2JYsrf2CeW4=,aeaD9rD0pnt8vELa3KyO4pOfquU=
0,18,O1oI1FjudNpS4l5z2JYsrf2CeW4=,50529furv42nY9iOSHE0H3FYLVg=
1,16,O1oI1FjudNpS4l5z2JYsrf2CeW4=,aeaD9rD0pnt8vELa3KyO4pOfquU=
2,16,O1oI1FjudNpS4l5z2JYsrf2CeW4=,+hFGQTIZs/bQ4q7vDcle64g+IuU=
4,16,O1oI1FjudNpS4l5z2JYsrf2CeW4=,dnPK+LP5NQV8V+dfHb7OFDOzuE8=
3,16,O1oI1FjudNpS4l5z2JYsrf2CeW4=,+hFGQTIZs/bQ4q7vDcle64g+IuU=
5,18,ZlyVgE5ElbAtdBtOvknqS2XKZac=,RXP9JczE38bcJrSdFs5+pBv0IvY=
6,17,ZlyVgE5ElbAtdBtOvknqS2XKZac=,EN9+Q9vCrhUUuIYbLL+0Gskwp8k=
6,19,ZlyVgE5ElbAtdBtOvknqS2XKZac=,a5pNhNm6tsIHfWPmd5XEk0j469A=
6,18,ZlyVgE5ElbAtdBtOvknqS2XKZac=,a5pNhNm6tsIHfWPmd5XEk0j469A=
5,17,ZlyVgE5ElbAtdBtOvknqS2XKZac=,dnPK+LP5NQV8V+dfHb7OFDOzuE8=
6,20,ZlyVgE5ElbAtdBtOvknqS2XKZac=,DPc2gizONCXSo/06QEpkrtTgGrM=
5,19,ZlyVgE5ElbAtdBtOvknqS2XKZac=,RXP9JczE38bcJrSdFs5+pBv0IvY=
5,20,ZlyVgE5ElbAtdBtOvknqS2XKZac=,N2f3AEuVOGaKHH8uLTL0jKn/pdQ=
7,20,ZlyVgE5ElbAtdBtOvknqS2XKZac=,DPc2gizONCXSo/06QEpkrtTgGrM=
7,19,ZlyVgE5ElbAtdBtOvknqS2XKZac=,a5pNhNm6tsIHfWPmd5XEk0j469A=
10,19,ZlyVgE5ElbAtdBtOvknqS2XKZac=,wNFxGuf7ZDkzKRdLz6/2dQE9rvE=
9,19,ZlyVgE5ElbAtdBtOvknqS2XKZac=,se6D1PkL2PkXtIlJUS7UAfwNxf8=
10,20,ZlyVgE5ElbAtdBtOvknqS2XKZac=,/0zt6wjTnfbEeYo78SF1QtHgkUQ=
8,20,ZlyVgE5ElbAtdBtOvknqS2XKZac=,QWuK284+rmW1gv9+UvVhWYdjDJ8=
8,19,ZlyVgE5ElbAtdBtOvknqS2XKZac=,se6D1PkL2PkXtIlJUS7UAfwNxf8=
9,20,ZlyVgE5ElbAtdBtOvknqS2XKZac=,QWuK284+rmW1gv9+UvVhWYdjDJ8=
7,18,ZlyVgE5ElbAtdBtOvknqS2XKZac=,a5pNhNm6tsIHfWPmd5XEk0j469A=
10,17,ZlyVgE5ElbAtdBtOvknqS2XKZac=,GeA1tZjW7Z7RKB68lmcUHk9HVAo=
9,17,ZlyVgE5ElbAtdBtOvknqS2XKZac=,CgzGXKJceXA5qfmf9izKiK+DvMk=
9,16,ZlyVgE5ElbAtdBtOvknqS2XKZac=,CgzGXKJceXA5qfmf9izKiK+DvMk=
8,17,ZlyVgE5ElbAtdBtOvknqS2XKZac=,CgzGXKJceXA5qfmf9izKiK+DvMk=
7,17,ZlyVgE5ElbAtdBtOvknqS2XKZac=,EN9+Q9vCrhUUuIYbLL+0Gskwp8k=
9,18,ZlyVgE5ElbAtdBtOvknqS2XKZac=,se6D1PkL2PkXtIlJUS7UAfwNxf8=
10,18,ZlyVgE5ElbAtdBtOvknqS2XKZac=,wNFxGuf7ZDkzKRdLz6/2dQE9rvE=
8,18,ZlyVgE5ElbAtdBtOvknqS2XKZac=,se6D1PkL2PkXtIlJUS7UAfwNxf8=
10,16,ZlyVgE5ElbAtdBtOvknqS2XKZac=,GeA1tZjW7Z7RKB68lmcUHk9HVAo=
13,16,ZlyVgE5ElbAtdBtOvknqS2XKZac=,sGVGb8NOtTXjSUaqQyOieFhhsLI=
14,16,ZlyVgE5ElbAtdBtOvknqS2XKZac=,aBK01hZ/KxsGPZyxVec6OoiSCmw=
11,16,ZlyVgE5ElbAtdBtOvknqS2XKZac=,GeA1tZjW7Z7RKB68lmcUHk9HVAo=
12,16,ZlyVgE5ElbAtdBtOvknqS2XKZac=,sGVGb8NOtTXjSUaqQyOieFhhsLI=
5,16,ZlyVgE5ElbAtdBtOvknqS2XKZac=,dnPK+LP5NQV8V+dfHb7OFDOzuE8=
8,16,ZlyVgE5ElbAtdBtOvknqS2XKZac=,CgzGXKJceXA5qfmf9izKiK+DvMk=
6,16,ZlyVgE5ElbAtdBtOvknqS2XKZac=,EN9+Q9vCrhUUuIYbLL+0Gskwp8k=
7,16,ZlyVgE5ElbAtdBtOvknqS2XKZac=,EN9+Q9vCrhUUuIYbLL+0Gskwp8k=
15,17,ZlyVgE5ElbAtdBtOvknqS2XKZac=,aBK01hZ/KxsGPZyxVec6OoiSCmw=
15,18,ZlyVgE5ElbAtdBtOvknqS2XKZac=,qUs5KybwDpkcfQsfIZuPFnYhes8=
15,20,ZlyVgE5ElbAtdBtOvknqS2XKZac=,OEl3Tk1q7RYqRwkJTvFF4tdQFvQ=
15,19,ZlyVgE5ElbAtdBtOvknqS2XKZac=,qUs5KybwDpkcfQsfIZuPFnYhes8=
15,22,ZlyVgE5ElbAtdBtOvknqS2XKZac=,8wXJvC34RAofLppxzoP7RUMTlUk=
15,21,ZlyVgE5ElbAtdBtOvknqS2XKZac=,OEl3Tk1q7RYqRwkJTvFF4tdQFvQ=
15,23,ZlyVgE5ElbAtdBtOvknqS2XKZac=,8wXJvC34RAofLppxzoP7RUMTlUk=
15,24,ZlyVgE5ElbAtdBtOvknqS2XKZac=,s8p4nX8cIHOtqrVZnqXuKMTWEsM=
15,25,ZlyVgE5ElbAtdBtOvknqS2XKZac=,s8p4nX8cIHOtqrVZnqXuKMTWEsM=
15,26,ZlyVgE5ElbAtdBtOvknqS2XKZac=,V71Wj6QN8enkkFFhN1o/jKiyAGg=
15,28,ZlyVgE5ElbAtdBtOvknqS2XKZac=,uOQK6lr25MysesF+vdmDjRPJvx4=
15,27,ZlyVgE5ElbAtdBtOvknqS2XKZac=,V71Wj6QN8enkkFFhN1o/jKiyAGg=
15,16,ZlyVgE5ElbAtdBtOvknqS2XKZac=,aBK01hZ/KxsGPZyxVec6OoiSCmw=
15,30,ZlyVgE5ElbAtdBtOvknqS2XKZac=,UfMso91ng7f2LvczCSeFOB4XEuc=
15,29,ZlyVgE5ElbAtdBtOvknqS2XKZac=,uOQK6lr25MysesF+vdmDjRPJvx4=
13,31,ZlyVgE5ElbAtdBtOvknqS2XKZac=,0guxhz8AZnNkvNVVAW6E0gBM8xg=
0,16,ZlyVgE5ElbAtdBtOvknqS2XKZac=,aeaD9rD0pnt8vELa3KyO4pOfquU=
14,31,ZlyVgE5ElbAtdBtOvknqS2XKZac=,UfMso91ng7f2LvczCSeFOB4XEuc=
0,31,ZlyVgE5ElbAtdBtOvknqS2XKZac=,MMDcwfGSCeKRyPEJrc+vIH4jw8I=
12,31,ZlyVgE5ElbAtdBtOvknqS2XKZac=,0guxhz8AZnNkvNVVAW6E0gBM8xg=
10,31,ZlyVgE5ElbAtdBtOvknqS2XKZac=,ji71prYxffiUuLX3EngOPQ+H70k=
7,31,ZlyVgE5ElbAtdBtOvknqS2XKZac=,2uwDQF+2SMxkCHNlV1R1+ixAFU4=
8,31,ZlyVgE5ElbAtdBtOvknqS2XKZac=,4YFAlrRND65XEx5+6N1tu11w6Zs=
15,31,ZlyVgE5ElbAtdBtOvknqS2XKZac=,UfMso91ng7f2LvczCSeFOB4XEuc=
9,31,ZlyVgE5ElbAtdBtOvknqS2XKZac=,4YFAlrRND65XEx5+6N1tu11w6Zs=
11,31,ZlyVgE5ElbAtdBtOvknqS2XKZac=,ji71prYxffiUuLX3EngOPQ+H70k=
29,18,CwUsdNsfsPUnuFMo9JAIyTABKjk=,w48GyF/195KNP72MG81uMdQJefw=
30,18,CwUsdNsfsPUnuFMo9JAIyTABKjk=,S25PhLlKwY0DonVILb0NetNSlmI=
30,17,CwUsdNsfsPUnuFMo9JAIyTABKjk=,2inpya82achU3cVvO9uBpXOhuz8=
29,17,CwUsdNsfsPUnuFMo9JAIyTABKjk=,KMUM5bfw4It9krrNo2IOB+/Naww=
27,17,isJfoCw2wz/UGH00++FNa55QHhk=,P6gpjz9HgpuvTZN5MOnMonDBods=
28,17,isJfoCw2wz/UGH00++FNa55QHhk=,KMUM5bfw4It9krrNo2IOB+/Naww=
28,18,isJfoCw2wz/UGH00++FNa55QHhk=,w48GyF/195KNP72MG81uMdQJefw=
27,18,isJfoCw2wz/UGH00++FNa55QHhk=,lm/PZg8ZjaR6GPK6e/ZHP1++f8g=
26,18,isJfoCw2wz/UGH00++FNa55QHhk=,lm/PZg8ZjaR6GPK6e/ZHP1++f8g=
25,17,isJfoCw2wz/UGH00++FNa55QHhk=,Qi3bCgfiwRtypOV/dScI+a2sIJQ=
26,17,isJfoCw2wz/UGH00++FNa55QHhk=,P6gpjz9HgpuvTZN5MOnMonDBods=
25,18,isJfoCw2wz/UGH00++FNa55QHhk=,xhvSHIoAUc9hqzhJWtTAJ2ZJj0A=
24,18,hzkmpah5J4cBMYcqPAWQrpZuoUg=,xhvSHIoAUc9hqzhJWtTAJ2ZJj0A=
24,17,hzkmpah5J4cBMYcqPAWQrpZuoUg=,Qi3bCgfiwRtypOV/dScI+a2sIJQ=
23,18,hzkmpah5J4cBMYcqPAWQrpZuoUg=,3Kvw6851yYukW5lVDvdzycps8s4=
23,17,hzkmpah5J4cBMYcqPAWQrpZuoUg=,9DnGSoTR/xoHWtYx53/cQzgtOzU=
21,17,X8oqt319q/1BhkUYhDbwn0lj2TY=,16vNRwJVG2vtdMFAAEmYaZD2ryw=
22,20,X8oqt319q/1BhkUYhDbwn0lj2TY=,IUDvvTdVgfMj02MOTIphFI2zd1o=
22,17,X8oqt319q/1BhkUYhDbwn0lj2TY=,9DnGSoTR/xoHWtYx53/cQzgtOzU=
22,19,X8oqt319q/1BhkUYhDbwn0lj2TY=,3Kvw6851yYukW5lVDvdzycps8s4=
21,20,X8oqt319q/1BhkUYhDbwn0lj2TY=,l+K1Jln4MZ2ajCCok+qcr3RaSKQ=
21,19,X8oqt319q/1BhkUYhDbwn0lj2TY=,GW6MmydZL879cHLop0vWX2gWz/A=
21,18,X8oqt319q/1BhkUYhDbwn0lj2TY=,GW6MmydZL879cHLop0vWX2gWz/A=
22,18,X8oqt319q/1BhkUYhDbwn0lj2TY=,3Kvw6851yYukW5lVDvdzycps8s4=
21,22,X8oqt319q/1BhkUYhDbwn0lj2TY=,O9UBi0wqqGikxYC1hvYrDil858Q=
21,21,X8oqt319q/1BhkUYhDbwn0lj2TY=,l+K1Jln4MZ2ajCCok+qcr3RaSKQ=
22,22,X8oqt319q/1BhkUYhDbwn0lj2TY=,ydhl7AdaRN4BaiIzH+H9dTMMBuY=
22,21,X8oqt319q/1BhkUYhDbwn0lj2TY=,IUDvvTdVgfMj02MOTIphFI2zd1o=
19,20,7ZEE0wzml6bEGHQdBqYjMoYzhvc=,utALh+e+X2Yi1kf5oTKAyUC8Cww=
19,19,7ZEE0wzml6bEGHQdBqYjMoYzhvc=,xYnpVuOQyBa9sw4RKZQxIDQGDjc=
20,20,7ZEE0wzml6bEGHQdBqYjMoYzhvc=,l+K1Jln4MZ2ajCCok+qcr3RaSKQ=
20,19,7ZEE0wzml6bEGHQdBqYjMoYzhvc=,GW6MmydZL879cHLop0vWX2gWz/A=
20,22,7ZEE0wzml6bEGHQdBqYjMoYzhvc=,O9UBi0wqqGikxYC1hvYrDil858Q=
19,21,7ZEE0wzml6bEGHQdBqYjMoYzhvc=,utALh+e+X2Yi1kf5oTKAyUC8Cww=
19,22,7ZEE0wzml6bEGHQdBqYjMoYzhvc=,VR6lzPxe0TkfTYC7a0y7Than3Po=
20,21,7ZEE0wzml6bEGHQdBqYjMoYzhvc=,l+K1Jln4MZ2ajCCok+qcr3RaSKQ=
19,17,P1T4NeiWmtGZZwZPxLkeJgoy4TM=,Z7ZpsVbtT2h6QppozpCKaVKG5QI=
19,18,P1T4NeiWmtGZZwZPxLkeJgoy4TM=,xYnpVuOQyBa9sw4RKZQxIDQGDjc=
20,18,P1T4NeiWmtGZZwZPxLkeJgoy4TM=,GW6MmydZL879cHLop0vWX2gWz/A=
20,17,P1T4NeiWmtGZZwZPxLkeJgoy4TM=,16vNRwJVG2vtdMFAAEmYaZD2ryw=
20,24,CASeVuXg9qvfJ1YtOlnBewSfq6U=,CATYWh/r7w+h/ZwO3rknqzP42to=
19,24,CASeVuXg9qvfJ1YtOlnBewSfq6U=,Ec6sR6mehQ5AHw4ZI+mr61+nRaQ=
20,23,CASeVuXg9qvfJ1YtOlnBewSfq6U=,O9UBi0wqqGikxYC1hvYrDil858Q=
19,23,CASeVuXg9qvfJ1YtOlnBewSfq6U=,VR6lzPxe0TkfTYC7a0y7Than3Po=
20,25,CASeVuXg9qvfJ1YtOlnBewSfq6U=,CATYWh/r7w+h/ZwO3rknqzP42to=
19,26,CASeVuXg9qvfJ1YtOlnBewSfq6U=,WfypgAE5CKuT7gUX2YsDTsKoqOc=
19,25,CASeVuXg9qvfJ1YtOlnBewSfq6U=,Ec6sR6mehQ5AHw4ZI+mr61+nRaQ=
20,26,CASeVuXg9qvfJ1YtOlnBewSfq6U=,RlhA8Dcu8NusTcspiig3m0i+Q5U=
19,30,CASeVuXg9qvfJ1YtOlnBewSfq6U=,QKnxz33TSd+JXpXzP2FcSHqb5Zc=
19,28,CASeVuXg9qvfJ1YtOlnBewSfq6U=,KZdK6+IZMXkjB6ToKpt/9Hrv7mM=
19,29,CASeVuXg9qvfJ1YtOlnBewSfq6U=,KZdK6+IZMXkjB6ToKpt/9Hrv7mM=
20,28,CASeVuXg9qvfJ1YtOlnBewSfq6U=,Ch6Q02qEFDJ/mXpThi+ddLYaBPo=
20,30,CASeVuXg9qvfJ1YtOlnBewSfq6U=,dy/+VaWJ1q5z4bcKzzsQuQNQfwY=
20,27,CASeVuXg9qvfJ1YtOlnBewSfq6U=,RlhA8Dcu8NusTcspiig3m0i+Q5U=
19,27,CASeVuXg9qvfJ1YtOlnBewSfq6U=,WfypgAE5CKuT7gUX2YsDTsKoqOc=
20,29,CASeVuXg9qvfJ1YtOlnBewSfq6U=,Ch6Q02qEFDJ/mXpThi+ddLYaBPo=
17,29,OyE9Og++l7hrIxjd7g9sobyetag=,wBWs6gjIOLTco8CQLzpo7DIfaJA=
18,29,OyE9Og++l7hrIxjd7g9sobyetag=,KZdK6+IZMXkjB6ToKpt/9Hrv7mM=
17,30,OyE9Og++l7hrIxjd7g9sobyetag=,wlvq2G0lw5UBAitMI/Tcvm+kA4s=
18,30,OyE9Og++l7hrIxjd7g9sobyetag=,QKnxz33TSd+JXpXzP2FcSHqb5Zc=
28,28,mOhNRIM+Fu4JdMHNjIOQakAcCcI=,h3tC52JEO7WlA6NjBnTfCIYnQZI=
28,27,mOhNRIM+Fu4JdMHNjIOQakAcCcI=,eT+VFq73aY8SFw23GBBuV0ZpvkQ=
27,27,mOhNRIM+Fu4JdMHNjIOQakAcCcI=,5KbK8NyqMZWQFeNspzYMiscMXnY=
27,28,mOhNRIM+Fu4JdMHNjIOQakAcCcI=,cbgyRKc3c0lhElHKxWbvpmJ69S8=
29,27,mOhNRIM+Fu4JdMHNjIOQakAcCcI=,eT+VFq73aY8SFw23GBBuV0ZpvkQ=
30,27,mOhNRIM+Fu4JdMHNjIOQakAcCcI=,qmFkm3OS6hbQ7y4wvHuW+x5ZPXw=
29,28,mOhNRIM+Fu4JdMHNjIOQakAcCcI=,h3tC52JEO7WlA6NjBnTfCIYnQZI=
30,28,mOhNRIM+Fu4JdMHNjIOQakAcCcI=,LGptFcVgAGOBco+hmqD4FMAYRL0=
27,25,mOhNRIM+Fu4JdMHNjIOQakAcCcI=,R3m5BmuG0aJ5aKkzUsRbTy0UoEU=
27,26,mOhNRIM+Fu4JdMHNjIOQakAcCcI=,5KbK8NyqMZWQFeNspzYMiscMXnY=
28,25,mOhNRIM+Fu4JdMHNjIOQakAcCcI=,m4w/at3+vDmU+wB3DI+0QdeYqR0=
28,26,mOhNRIM+Fu4JdMHNjIOQakAcCcI=,eT+VFq73aY8SFw23GBBuV0ZpvkQ=
29,25,gFZWmE3MSRllaZVQR1KlsICILO4=,m4w/at3+vDmU+wB3DI+0QdeYqR0=
30,25,gFZWmE3MSRllaZVQR1KlsICILO4=,ydt4EYPBVVLRo7AueiXPVvsi08U=
30,26,gFZWmE3MSRllaZVQR1KlsICILO4=,qmFkm3OS6hbQ7y4wvHuW+x5ZPXw=
29,26,gFZWmE3MSRllaZVQR1KlsICILO4=,eT+VFq73aY8SFw23GBBuV0ZpvkQ=
28,24,gFZWmE3MSRllaZVQR1KlsICILO4=,m4w/at3+vDmU+wB3DI+0QdeYqR0=
28,23,gFZWmE3MSRllaZVQR1KlsICILO4=,31jS8gn91ePbMBaY8c2N8GXR5zE=
27,24,gFZWmE3MSRllaZVQR1KlsICILO4=,R3m5BmuG0aJ5aKkzUsRbTy0UoEU=
27,23,gFZWmE3MSRllaZVQR1KlsICILO4=,Q1reA1SnMUN+kenxgnNd5SZERyI=
29,24,gFZWmE3MSRllaZVQR1KlsICILO4=,m4w/at3+vDmU+wB3DI+0QdeYqR0=
30,24,gFZWmE3MSRllaZVQR1KlsICILO4=,ydt4EYPBVVLRo7AueiXPVvsi08U=
29,23,gFZWmE3MSRllaZVQR1KlsICILO4=,31jS8gn91ePbMBaY8c2N8GXR5zE=
30,23,gFZWmE3MSRllaZVQR1KlsICILO4=,6vfh0+LcpWp9Ee6bHyamYJHBfO4=
28,22,PQYHlyu3AsTKHTS2Lt2uY3MkS0s=,31jS8gn91ePbMBaY8c2N8GXR5zE=
27,21,PQYHlyu3AsTKHTS2Lt2uY3MkS0s=,9Zc8QH0yywGKOI6FmB7affe9yqo=
28,21,PQYHlyu3AsTKHTS2Lt2uY3MkS0s=,PKPtsyO7DYGAEtcjfrglewCJJto=
27,22,PQYHlyu3AsTKHTS2Lt2uY3MkS0s=,Q1reA1SnMUN+kenxgnNd5SZERyI=
27,20,PQYHlyu3AsTKHTS2Lt2uY3MkS0s=,9Zc8QH0yywGKOI6FmB7affe9yqo=
28,19,PQYHlyu3AsTKHTS2Lt2uY3MkS0s=,w48GyF/195KNP72MG81uMdQJefw=
28,20,PQYHlyu3AsTKHTS2Lt2uY3MkS0s=,PKPtsyO7DYGAEtcjfrglewCJJto=
27,19,PQYHlyu3AsTKHTS2Lt2uY3MkS0s=,lm/PZg8ZjaR6GPK6e/ZHP1++f8g=
30,19,PQYHlyu3AsTKHTS2Lt2uY3MkS0s=,S25PhLlKwY0DonVILb0NetNSlmI=
29,19,PQYHlyu3AsTKHTS2Lt2uY3MkS0s=,w48GyF/195KNP72MG81uMdQJefw=
29,22,PQYHlyu3AsTKHTS2Lt2uY3MkS0s=,31jS8gn91ePbMBaY8c2N8GXR5zE=
30,22,PQYHlyu3AsTKHTS2Lt2uY3MkS0s=,6vfh0+LcpWp9Ee6bHyamYJHBfO4=
30,21,PQYHlyu3AsTKHTS2Lt2uY3MkS0s=,sk7sJPYdceZmWTAIDpIDxBoFTOE=
29,21,PQYHlyu3AsTKHTS2Lt2uY3MkS0s=,PKPtsyO7DYGAEtcjfrglewCJJto=
30,20,PQYHlyu3AsTKHTS2Lt2uY3MkS0s=,sk7sJPYdceZmWTAIDpIDxBoFTOE=
29,20,PQYHlyu3AsTKHTS2Lt2uY3MkS0s=,PKPtsyO7DYGAEtcjfrglewCJJto=
23,19,PQYHlyu3AsTKHTS2Lt2uY3MkS0s=,3Kvw6851yYukW5lVDvdzycps8s4=
25,20,PQYHlyu3AsTKHTS2Lt2uY3MkS0s=,1GSto4OvE/kdG8q/tC/ARsQ3V+I=
24,20,PQYHlyu3AsTKHTS2Lt2uY3MkS0s=,1GSto4OvE/kdG8q/tC/ARsQ3V+I=
26,20,PQYHlyu3AsTKHTS2Lt2uY3MkS0s=,9Zc8QH0yywGKOI6FmB7affe9yqo=
24,19,PQYHlyu3AsTKHTS2Lt2uY3MkS0s=,xhvSHIoAUc9hqzhJWtTAJ2ZJj0A=
25,19,PQYHlyu3AsTKHTS2Lt2uY3MkS0s=,xhvSHIoAUc9hqzhJWtTAJ2ZJj0A=
23,20,PQYHlyu3AsTKHTS2Lt2uY3MkS0s=,IUDvvTdVgfMj02MOTIphFI2zd1o=
26,19,PQYHlyu3AsTKHTS2Lt2uY3MkS0s=,lm/PZg8ZjaR6GPK6e/ZHP1++f8g=
24,21,MjNZzArKdBzy9jAvID1spzn05uw=,1GSto4OvE/kdG8q/tC/ARsQ3V+I=
25,21,MjNZzArKdBzy9jAvID1spzn05uw=,1GSto4OvE/kdG8q/tC/ARsQ3V+I=
24,22,MjNZzArKdBzy9jAvID1spzn05uw=,bQWREeAw+fM4i94D+qETgIk8dhw=
23,22,MjNZzArKdBzy9jAvID1spzn05uw=,ydhl7AdaRN4BaiIzH+H9dTMMBuY=
26,21,MjNZzArKdBzy9jAvID1spzn05uw=,9Zc8QH0yywGKOI6FmB7affe9yqo=
25,22,MjNZzArKdBzy9jAvID1spzn05uw=,bQWREeAw+fM4i94D+qETgIk8dhw=
23,21,MjNZzArKdBzy9jAvID1spzn05uw=,IUDvvTdVgfMj02MOTIphFI2zd1o=
26,22,MjNZzArKdBzy9jAvID1spzn05uw=,Q1reA1SnMUN+kenxgnNd5SZERyI=
26,24,MjNZzArKdBzy9jAvID1spzn05uw=,R3m5BmuG0aJ5aKkzUsRbTy0UoEU=
25,24,MjNZzArKdBzy9jAvID1spzn05uw=,0jP1mshDQXIRzd4Ru/VqDN8qfPw=
26,23,MjNZzArKdBzy9jAvID1spzn05uw=,Q1reA1SnMUN+kenxgnNd5SZERyI=
25,23,MjNZzArKdBzy9jAvID1spzn05uw=,bQWREeAw+fM4i94D+qETgIk8dhw=
22,28,MjNZzArKdBzy9jAvID1spzn05uw=,p2o1eLC7HHBbPcGVPFCsD83nEUY=
21,28,MjNZzArKdBzy9jAvID1spzn05uw=,Ch6Q02qEFDJ/mXpThi+ddLYaBPo=
22,27,MjNZzArKdBzy9jAvID1spzn05uw=,+l01RrwdYxBYpqQZAv5+sXYiiy4=
21,27,MjNZzArKdBzy9jAvID1spzn05uw=,RlhA8Dcu8NusTcspiig3m0i+Q5U=
25,25,MjNZzArKdBzy9jAvID1spzn05uw=,0jP1mshDQXIRzd4Ru/VqDN8qfPw=
25,26,MjNZzArKdBzy9jAvID1spzn05uw=,wB0dNudmtOkdI5EGlBR2nJb60EM=
26,25,MjNZzArKdBzy9jAvID1spzn05uw=,R3m5BmuG0aJ5aKkzUsRbTy0UoEU=
26,26,MjNZzArKdBzy9jAvID1spzn05uw=,5KbK8NyqMZWQFeNspzYMiscMXnY=
26,28,MjNZzArKdBzy9jAvID1spzn05uw=,cbgyRKc3c0lhElHKxWbvpmJ69S8=
24,28,MjNZzArKdBzy9jAvID1spzn05uw=,q3DzSql/6oDFqp/1Ei3sVkdtaLk=
25,27,MjNZzArKdBzy9jAvID1spzn05uw=,wB0dNudmtOkdI5EGlBR2nJb60EM=
25,28,MjNZzArKdBzy9jAvID1spzn05uw=,q3DzSql/6oDFqp/1Ei3sVkdtaLk=
23,27,MjNZzArKdBzy9jAvID1spzn05uw=,+l01RrwdYxBYpqQZAv5+sXYiiy4=
24,27,MjNZzArKdBzy9jAvID1spzn05uw=,wB0dNudmtOkdI5EGlBR2nJb60EM=
23,28,MjNZzArKdBzy9jAvID1spzn05uw=,p2o1eLC7HHBbPcGVPFCsD83nEUY=
26,27,MjNZzArKdBzy9jAvID1spzn05uw=,5KbK8NyqMZWQFeNspzYMiscMXnY=
31,18,MjNZzArKdBzy9jAvID1spzn05uw=,S25PhLlKwY0DonVILb0NetNSlmI=
31,17,MjNZzArKdBzy9jAvID1spzn05uw=,2inpya82achU3cVvO9uBpXOhuz8=
31,19,MjNZzArKdBzy9jAvID1spzn05uw=,S25PhLlKwY0DonVILb0NetNSlmI=
31,20,MjNZzArKdBzy9jAvID1spzn05uw=,sk7sJPYdceZmWTAIDpIDxBoFTOE=
31,22,MjNZzArKdBzy9jAvID1spzn05uw=,6vfh0+LcpWp9Ee6bHyamYJHBfO4=
31,21,MjNZzArKdBzy9jAvID1spzn05uw=,sk7sJPYdceZmWTAIDpIDxBoFTOE=
31,24,MjNZzArKdBzy9jAvID1spzn05uw=,ydt4EYPBVVLRo7AueiXPVvsi08U=
31,23,MjNZzArKdBzy9jAvID1spzn05uw=,6vfh0+LcpWp9Ee6bHyamYJHBfO4=
31,25,MjNZzArKdBzy9jAvID1spzn05uw=,ydt4EYPBVVLRo7AueiXPVvsi08U=
31,26,MjNZzArKdBzy9jAvID1spzn05uw=,qmFkm3OS6hbQ7y4wvHuW+x5ZPXw=
31,27,MjNZzArKdBzy9jAvID1spzn05uw=,qmFkm3OS6hbQ7y4wvHuW+x5ZPXw=
31,28,MjNZzArKdBzy9jAvID1spzn05uw=,LGptFcVgAGOBco+hmqD4FMAYRL0=
22,23,bWkeUnBeqRs3ThR9X16C8erfDeA=,ydhl7AdaRN4BaiIzH+H9dTMMBuY=
21,25,bWkeUnBeqRs3ThR9X16C8erfDeA=,CATYWh/r7w+h/ZwO3rknqzP42to=
21,24,bWkeUnBeqRs3ThR9X16C8erfDeA=,CATYWh/r7w+h/ZwO3rknqzP42to=
23,23,bWkeUnBeqRs3ThR9X16C8erfDeA=,ydhl7AdaRN4BaiIzH+H9dTMMBuY=
22,24,bWkeUnBeqRs3ThR9X16C8erfDeA=,fFVvYws135h+XT3zX5cyJv67myg=
24,25,bWkeUnBeqRs3ThR9X16C8erfDeA=,0jP1mshDQXIRzd4Ru/VqDN8qfPw=
24,23,bWkeUnBeqRs3ThR9X16C8erfDeA=,bQWREeAw+fM4i94D+qETgIk8dhw=
24,24,bWkeUnBeqRs3ThR9X16C8erfDeA=,0jP1mshDQXIRzd4Ru/VqDN8qfPw=
23,25,bWkeUnBeqRs3ThR9X16C8erfDeA=,fFVvYws135h+XT3zX5cyJv67myg=
24,26,bWkeUnBeqRs3ThR9X16C8erfDeA=,wB0dNudmtOkdI5EGlBR2nJb60EM=
21,23,bWkeUnBeqRs3ThR9X16C8erfDeA=,O9UBi0wqqGikxYC1hvYrDil858Q=
22,25,bWkeUnBeqRs3ThR9X16C8erfDeA=,fFVvYws135h+XT3zX5cyJv67myg=
23,24,bWkeUnBeqRs3ThR9X16C8erfDeA=,fFVvYws135h+XT3zX5cyJv67myg=
23,26,bWkeUnBeqRs3ThR9X16C8erfDeA=,+l01RrwdYxBYpqQZAv5+sXYiiy4=
22,26,bWkeUnBeqRs3ThR9X16C8erfDeA=,+l01RrwdYxBYpqQZAv5+sXYiiy4=
21,26,bWkeUnBeqRs3ThR9X16C8erfDeA=,RlhA8Dcu8NusTcspiig3m0i+Q5U=
29,30,bWkeUnBeqRs3ThR9X16C8erfDeA=,KLjRjG429PC3LzxF66cDQHIMUDk=
30,30,bWkeUnBeqRs3ThR9X16C8erfDeA=,PkpGU3STldfqEQ0FoYzRkKoEr7Q=
30,29,bWkeUnBeqRs3ThR9X16C8erfDeA=,LGptFcVgAGOBco+hmqD4FMAYRL0=
29,29,bWkeUnBeqRs3ThR9X16C8erfDeA=,h3tC52JEO7WlA6NjBnTfCIYnQZI=
28,30,bWkeUnBeqRs3ThR9X16C8erfDeA=,KLjRjG429PC3LzxF66cDQHIMUDk=
28,29,bWkeUnBeqRs3ThR9X16C8erfDeA=,h3tC52JEO7WlA6NjBnTfCIYnQZI=
27,30,bWkeUnBeqRs3ThR9X16C8erfDeA=,9GCaQO+5cV2qPTduWw3Nc8z8ykg=
27,29,bWkeUnBeqRs3ThR9X16C8erfDeA=,cbgyRKc3c0lhElHKxWbvpmJ69S8=
20,31,bWkeUnBeqRs3ThR9X16C8erfDeA=,dy/+VaWJ1q5z4bcKzzsQuQNQfwY=
19,31,bWkeUnBeqRs3ThR9X16C8erfDeA=,QKnxz33TSd+JXpXzP2FcSHqb5Zc=
18,31,bWkeUnBeqRs3ThR9X16C8erfDeA=,QKnxz33TSd+JXpXzP2FcSHqb5Zc=
17,31,bWkeUnBeqRs3ThR9X16C8erfDeA=,wlvq2G0lw5UBAitMI/Tcvm+kA4s=
16,30,bWkeUnBeqRs3ThR9X16C8erfDeA=,wlvq2G0lw5UBAitMI/Tcvm+kA4s=
16,29,bWkeUnBeqRs3ThR9X16C8erfDeA=,wBWs6gjIOLTco8CQLzpo7DIfaJA=
22,29,wZHlM1/37hZUZ0H3HOpAh2rTEj0=,p2o1eLC7HHBbPcGVPFCsD83nEUY=
21,31,wZHlM1/37hZUZ0H3HOpAh2rTEj0=,dy/+VaWJ1q5z4bcKzzsQuQNQfwY=
21,29,wZHlM1/37hZUZ0H3HOpAh2rTEj0=,Ch6Q02qEFDJ/mXpThi+ddLYaBPo=
22,30,wZHlM1/37hZUZ0H3HOpAh2rTEj0=,HAuGQcet80a3SLc1DJE7BwC2pgc=
21,30,wZHlM1/37hZUZ0H3HOpAh2rTEj0=,dy/+VaWJ1q5z4bcKzzsQuQNQfwY=
22,31,wZHlM1/37hZUZ0H3HOpAh2rTEj0=,HAuGQcet80a3SLc1DJE7BwC2pgc=
23,30,wZHlM1/37hZUZ0H3HOpAh2rTEj0=,HAuGQcet80a3SLc1DJE7BwC2pgc=
25,29,wZHlM1/37hZUZ0H3HOpAh2rTEj0=,q3DzSql/6oDFqp/1Ei3sVkdtaLk=
24,29,wZHlM1/37hZUZ0H3HOpAh2rTEj0=,q3DzSql/6oDFqp/1Ei3sVkdtaLk=
23,31,wZHlM1/37hZUZ0H3HOpAh2rTEj0=,HAuGQcet80a3SLc1DJE7BwC2pgc=
26,29,wZHlM1/37hZUZ0H3HOpAh2rTEj0=,cbgyRKc3c0lhElHKxWbvpmJ69S8=
23,29,wZHlM1/37hZUZ0H3HOpAh2rTEj0=,p2o1eLC7HHBbPcGVPFCsD83nEUY=
25,31,wZHlM1/37hZUZ0H3HOpAh2rTEj0=,a38oSkcZWubzNgjoSHNFjTATJfY=
25,30,wZHlM1/37hZUZ0H3HOpAh2rTEj0=,a38oSkcZWubzNgjoSHNFjTATJfY=
24,31,wZHlM1/37hZUZ0H3HOpAh2rTEj0=,a38oSkcZWubzNgjoSHNFjTATJfY=
24,30,wZHlM1/37hZUZ0H3HOpAh2rTEj0=,a38oSkcZWubzNgjoSHNFjTATJfY=
26,31,wZHlM1/37hZUZ0H3HOpAh2rTEj0=,9GCaQO+5cV2qPTduWw3Nc8z8ykg=
26,30,wZHlM1/37hZUZ0H3HOpAh2rTEj0=,9GCaQO+5cV2qPTduWw3Nc8z8ykg=
18,28,wZHlM1/37hZUZ0H3HOpAh2rTEj0=,KZdK6+IZMXkjB6ToKpt/9Hrv7mM=
18,27,wZHlM1/37hZUZ0H3HOpAh2rTEj0=,WfypgAE5CKuT7gUX2YsDTsKoqOc=
17,28,wZHlM1/37hZUZ0H3HOpAh2rTEj0=,wBWs6gjIOLTco8CQLzpo7DIfaJA=
17,27,wZHlM1/37hZUZ0H3HOpAh2rTEj0=,nzHe0Ar3t4D7sHS1BOK+Bgw4Hs8=
17,25,wZHlM1/37hZUZ0H3HOpAh2rTEj0=,wKhuZpCGXnizEFppS094zyuhvKc=
18,25,wZHlM1/37hZUZ0H3HOpAh2rTEj0=,Ec6sR6mehQ5AHw4ZI+mr61+nRaQ=
17,26,wZHlM1/37hZUZ0H3HOpAh2rTEj0=,nzHe0Ar3t4D7sHS1BOK+Bgw4Hs8=
18,26,wZHlM1/37hZUZ0H3HOpAh2rTEj0=,WfypgAE5CKuT7gUX2YsDTsKoqOc=
17,23,xBL8cid1mJwMo1112Q/zCw4n+58=,xegCahvyt+083+P/uEwrrhhixfk=
18,22,xBL8cid1mJwMo1112Q/zCw4n+58=,VR6lzPxe0TkfTYC7a0y7Than3Po=
18,24,xBL8cid1mJwMo1112Q/zCw4n+58=,Ec6sR6mehQ5AHw4ZI+mr61+nRaQ=
17,22,xBL8cid1mJwMo1112Q/zCw4n+58=,xegCahvyt+083+P/uEwrrhhixfk=
18,21,xBL8cid1mJwMo1112Q/zCw4n+58=,utALh+e+X2Yi1kf5oTKAyUC8Cww=
18,23,xBL8cid1mJwMo1112Q/zCw4n+58=,VR6lzPxe0TkfTYC7a0y7Than3Po=
17,21,xBL8cid1mJwMo1112Q/zCw4n+58=,DwVt4GrtV1fSbju1QNUNjUGwfaw=
17,24,xBL8cid1mJwMo1112Q/zCw4n+58=,wKhuZpCGXnizEFppS094zyuhvKc=
19,16,xBL8cid1mJwMo1112Q/zCw4n+58=,Z7ZpsVbtT2h6QppozpCKaVKG5QI=
20,16,xBL8cid1mJwMo1112Q/zCw4n+58=,16vNRwJVG2vtdMFAAEmYaZD2ryw=
22,16,xBL8cid1mJwMo1112Q/zCw4n+58=,9DnGSoTR/xoHWtYx53/cQzgtOzU=
21,16,xBL8cid1mJwMo1112Q/zCw4n+58=,16vNRwJVG2vtdMFAAEmYaZD2ryw=
24,16,xBL8cid1mJwMo1112Q/zCw4n+58=,Qi3bCgfiwRtypOV/dScI+a2sIJQ=
23,16,xBL8cid1mJwMo1112Q/zCw4n+58=,9DnGSoTR/xoHWtYx53/cQzgtOzU=
26,16,xBL8cid1mJwMo1112Q/zCw4n+58=,P6gpjz9HgpuvTZN5MOnMonDBods=
25,16,xBL8cid1mJwMo1112Q/zCw4n+58=,Qi3bCgfiwRtypOV/dScI+a2sIJQ=
27,16,xBL8cid1mJwMo1112Q/zCw4n+58=,P6gpjz9HgpuvTZN5MOnMonDBods=
28,16,xBL8cid1mJwMo1112Q/zCw4n+58=,KMUM5bfw4It9krrNo2IOB+/Naww=
29,16,xBL8cid1mJwMo1112Q/zCw4n+58=,KMUM5bfw4It9krrNo2IOB+/Naww=
30,16,xBL8cid1mJwMo1112Q/zCw4n+58=,2inpya82achU3cVvO9uBpXOhuz8=
31,16,xBL8cid1mJwMo1112Q/zCw4n+58=,2inpya82achU3cVvO9uBpXOhuz8=
31,29,xBL8cid1mJwMo1112Q/zCw4n+58=,LGptFcVgAGOBco+hmqD4FMAYRL0=
31,30,xBL8cid1mJwMo1112Q/zCw4n+58=,PkpGU3STldfqEQ0FoYzRkKoEr7Q=
31,31,xBL8cid1mJwMo1112Q/zCw4n+58=,PkpGU3STldfqEQ0FoYzRkKoEr7Q=
27,31,xBL8cid1mJwMo1112Q/zCw4n+58=,9GCaQO+5cV2qPTduWw3Nc8z8ykg=
29,31,xBL8cid1mJwMo1112Q/zCw4n+58=,KLjRjG429PC3LzxF66cDQHIMUDk=
28,31,xBL8cid1mJwMo1112Q/zCw4n+58=,KLjRjG429PC3LzxF66cDQHIMUDk=
30,31,xBL8cid1mJwMo1112Q/zCw4n+58=,PkpGU3STldfqEQ0FoYzRkKoEr7Q=
16,22,xBL8cid1mJwMo1112Q/zCw4n+58=,xegCahvyt+083+P/uEwrrhhixfk=
16,21,xBL8cid1mJwMo1112Q/zCw4n+58=,DwVt4GrtV1fSbju1QNUNjUGwfaw=
18,19,xBL8cid1mJwMo1112Q/zCw4n+58=,xYnpVuOQyBa9sw4RKZQxIDQGDjc=
16,19,xBL8cid1mJwMo1112Q/zCw4n+58=,JMSrKgcZzZlWBWpm751UZHy+l90=
17,20,xBL8cid1mJwMo1112Q/zCw4n+58=,DwVt4GrtV1fSbju1QNUNjUGwfaw=
17,19,xBL8cid1mJwMo1112Q/zCw4n+58=,JMSrKgcZzZlWBWpm751UZHy+l90=
18,20,xBL8cid1mJwMo1112Q/zCw4n+58=,utALh+e+X2Yi1kf5oTKAyUC8Cww=
16,20,xBL8cid1mJwMo1112Q/zCw4n+58=,DwVt4GrtV1fSbju1QNUNjUGwfaw=
16,23,xBL8cid1mJwMo1112Q/zCw4n+58=,xegCahvyt+083+P/uEwrrhhixfk=
16,24,xBL8cid1mJwMo1112Q/zCw4n+58=,wKhuZpCGXnizEFppS094zyuhvKc=
16,25,xBL8cid1mJwMo1112Q/zCw4n+58=,wKhuZpCGXnizEFppS094zyuhvKc=
16,26,xBL8cid1mJwMo1112Q/zCw4n+58=,nzHe0Ar3t4D7sHS1BOK+Bgw4Hs8=
16,31,xBL8cid1mJwMo1112Q/zCw4n+58=,wlvq2G0lw5UBAitMI/Tcvm+kA4s=
18,16,xBL8cid1mJwMo1112Q/zCw4n+58=,Z7ZpsVbtT2h6QppozpCKaVKG5QI=
16,27,xBL8cid1mJwMo1112Q/zCw4n+58=,nzHe0Ar3t4D7sHS1BOK+Bgw4Hs8=
16,16,xBL8cid1mJwMo1112Q/zCw4n+58=,XvChvzvkEglTr06Zkizrww3siqE=
17,17,xBL8cid1mJwMo1112Q/zCw4n+58=,XvChvzvkEglTr06Zkizrww3siqE=
18,17,xBL8cid1mJwMo1112Q/zCw4n+58=,Z7ZpsVbtT2h6QppozpCKaVKG5QI=
17,18,xBL8cid1mJwMo1112Q/zCw4n+58=,JMSrKgcZzZlWBWpm751UZHy+l90=
18,18,xBL8cid1mJwMo1112Q/zCw4n+58=,xYnpVuOQyBa9sw4RKZQxIDQGDjc=
16,17,xBL8cid1mJwMo1112Q/zCw4n+58=,XvChvzvkEglTr06Zkizrww3siqE=
17,16,xBL8cid1mJwMo1112Q/zCw4n+58=,XvChvzvkEglTr06Zkizrww3siqE=
16,28,xBL8cid1mJwMo1112Q/zCw4n+58=,wBWs6gjIOLTco8CQLzpo7DIfaJA=
16,18,xBL8cid1mJwMo1112Q/zCw4n+58=,JMSrKgcZzZlWBWpm751UZHy+l90=
24,6,7DDa1kG601jazp+EdBsQva4srHg=,/GmPRWVgv6Ote9zN+UfrYSHGevg=
23,5,7DDa1kG601jazp+EdBsQva4srHg=,9OuVyv62KaQqBACNopjWO+WcNgY=
23,6,7DDa1kG601jazp+EdBsQva4srHg=,WmkxBoM9jf2MOO6gigOXvT68cbw=
24,5,7DDa1kG601jazp+EdBsQva4srHg=,HhdmYODmp1cnXgy/Dapr0rAEJbw=
24,8,9Bba2Hneoyx3a6X1QTKpSY1qUY4=,NH1R+6OuK7AT8XQpCf+Se7JKD10=
24,7,9Bba2Hneoyx3a6X1QTKpSY1qUY4=,/GmPRWVgv6Ote9zN+UfrYSHGevg=
23,8,9Bba2Hneoyx3a6X1QTKpSY1qUY4=,OV9etH04LwOaAvzrMOfX2p9FrwI=
23,7,9Bba2Hneoyx3a6X1QTKpSY1qUY4=,WmkxBoM9jf2MOO6gigOXvT68cbw=
22,10,b0Zo5OqcujTET1Oxjrpor928hy8=,RgqeCCx2D9mJ/XctIZFBwjb27Vw=
22,9,b0Zo5OqcujTET1Oxjrpor928hy8=,OV9etH04LwOaAvzrMOfX2p9FrwI=
21,10,b0Zo5OqcujTET1Oxjrpor928hy8=,nqMqJPclq2MnfrYi/FuIiHh2n+k=
21,9,b0Zo5OqcujTET1Oxjrpor928hy8=,OebfR2w0NoiFaSkN7tyNYHHOPw0=
23,10,b0Zo5OqcujTET1Oxjrpor928hy8=,RgqeCCx2D9mJ/XctIZFBwjb27Vw=
24,10,b0Zo5OqcujTET1Oxjrpor928hy8=,Boi70m44VJl7o3enaFBE79i9CIs=
23,9,b0Zo5OqcujTET1Oxjrpor928hy8=,OV9etH04LwOaAvzrMOfX2p9FrwI=
24,9,b0Zo5OqcujTET1Oxjrpor928hy8=,NH1R+6OuK7AT8XQpCf+Se7JKD10=
19,10,b0Zo5OqcujTET1Oxjrpor928hy8=,BSm5ZFFUJlIa3tlzy+sTxv3Ol1w=
20,9,b0Zo5OqcujTET1Oxjrpor928hy8=,OebfR2w0NoiFaSkN7tyNYHHOPw0=
20,10,b0Zo5OqcujTET1Oxjrpor928hy8=,nqMqJPclq2MnfrYi/FuIiHh2n+k=
19,9,b0Zo5OqcujTET1Oxjrpor928hy8=,EISvx0BveZVW+au6gxmmLGySVLY=
17,7,KYxzo1+VJJDYb6++8T8GLAF8IuE=,V2On+rH8HoXdW663Xr69NIAIMZ4=
17,8,KYxzo1+VJJDYb6++8T8GLAF8IuE=,C3okhrD/BVFXr+v2B9fWEnkEMxY=
18,8,KYxzo1+VJJDYb6++8T8GLAF8IuE=,EISvx0BveZVW+au6gxmmLGySVLY=
18,7,KYxzo1+VJJDYb6++8T8GLAF8IuE=,jKDi79WL+HfsDsPu46Fy8jlCgyg=
18,10,KYxzo1+VJJDYb6++8T8GLAF8IuE=,BSm5ZFFUJlIa3tlzy+sTxv3Ol1w=
17,10,KYxzo1+VJJDYb6++8T8GLAF8IuE=,WeAM7z4gFpE//OEFggwd3IHHa/k=
17,9,KYxzo1+VJJDYb6++8T8GLAF8IuE=,C3okhrD/BVFXr+v2B9fWEnkEMxY=
18,9,KYxzo1+VJJDYb6++8T8GLAF8IuE=,EISvx0BveZVW+au6gxmmLGySVLY=
18,6,LzA48Cc3iYJfXmcNGHdCnAjVbjc=,jKDi79WL+HfsDsPu46Fy8jlCgyg=
17,6,LzA48Cc3iYJfXmcNGHdCnAjVbjc=,V2On+rH8HoXdW663Xr69NIAIMZ4=
18,5,LzA48Cc3iYJfXmcNGHdCnAjVbjc=,B6koocef7XxuaQcNmYS1YJl0k74=
17,5,LzA48Cc3iYJfXmcNGHdCnAjVbjc=,nsqkf03NDuTJ2hG9oIXc249VgFA=
18,4,LzA48Cc3iYJfXmcNGHdCnAjVbjc=,B6koocef7XxuaQcNmYS1YJl0k74=
17,3,LzA48Cc3iYJfXmcNGHdCnAjVbjc=,l3bZysKNIH4CJgUFPbGqWKJeEpo=
17,4,LzA48Cc3iYJfXmcNGHdCnAjVbjc=,nsqkf03NDuTJ2hG9oIXc249VgFA=
18,3,LzA48Cc3iYJfXmcNGHdCnAjVbjc=,rg4HPWGhQXWVrk6mmR5nTU2AiAg=
23,3,fTyZe0zFN+X76lsyYVr7tgm8yYQ=,qT17IyrtSMoO3XDspMPo+trDnYU=
23,4,fTyZe0zFN+X76lsyYVr7tgm8yYQ=,9OuVyv62KaQqBACNopjWO+WcNgY=
24,3,fTyZe0zFN+X76lsyYVr7tgm8yYQ=,okcA0uGgT6A8oJemJ+RqJ4MZgSY=
24,4,fTyZe0zFN+X76lsyYVr7tgm8yYQ=,HhdmYODmp1cnXgy/Dapr0rAEJbw=
26,4,AoJ75YolAOUBZuYAXDmOYGB7awo=,fEdlxoIEa2CPktyvxLKryaf92d8=
26,3,AoJ75YolAOUBZuYAXDmOYGB7awo=,gHugn5UcT5NmQs2pIcfDSRbjZQ4=
25,4,AoJ75YolAOUBZuYAXDmOYGB7awo=,HhdmYODmp1cnXgy/Dapr0rAEJbw=
25,3,AoJ75YolAOUBZuYAXDmOYGB7awo=,okcA0uGgT6A8oJemJ+RqJ4MZgSY=
26,6,AoJ75YolAOUBZuYAXDmOYGB7awo=,809Efyi0LM0sT6SehOU6+3mngvQ=
25,6,AoJ75YolAOUBZuYAXDmOYGB7awo=,/GmPRWVgv6Ote9zN+UfrYSHGevg=
26,5,AoJ75YolAOUBZuYAXDmOYGB7awo=,fEdlxoIEa2CPktyvxLKryaf92d8=
25,5,AoJ75YolAOUBZuYAXDmOYGB7awo=,HhdmYODmp1cnXgy/Dapr0rAEJbw=
28,4,Gs/K247M+VntRJJnuu8AQtmlVdI=,PzJSK0GwvRZdeEjLPYY2z3m3vrI=
28,3,Gs/K247M+VntRJJnuu8AQtmlVdI=,xrmL3k80TtU10bumhnRZJs2fPqk=
27,4,Gs/K247M+VntRJJnuu8AQtmlVdI=,fEdlxoIEa2CPktyvxLKryaf92d8=
27,3,Gs/K247M+VntRJJnuu8AQtmlVdI=,gHugn5UcT5NmQs2pIcfDSRbjZQ4=
27,6,Gs/K247M+VntRJJnuu8AQtmlVdI=,809Efyi0LM0sT6SehOU6+3mngvQ=
27,5,Gs/K247M+VntRJJnuu8AQtmlVdI=,fEdlxoIEa2CPktyvxLKryaf92d8=
28,6,Gs/K247M+VntRJJnuu8AQtmlVdI=,X9TtpPz4JmwcXFC1dXKmbwvF8U4=
28,5,Gs/K247M+VntRJJnuu8AQtmlVdI=,PzJSK0GwvRZdeEjLPYY2z3m3vrI=
27,1,Gs/K247M+VntRJJnuu8AQtmlVdI=,B1Aiz0N/FrJ9ShictiUUGXLkz5o=
27,2,Gs/K247M+VntRJJnuu8AQtmlVdI=,gHugn5UcT5NmQs2pIcfDSRbjZQ4=
28,1,Gs/K247M+VntRJJnuu8AQtmlVdI=,VavI7qwCR2Kgy9JsGSmqRLo0PaM=
28,2,Gs/K247M+VntRJJnuu8AQtmlVdI=,xrmL3k80TtU10bumhnRZJs2fPqk=
29,12,zNbqzLKExf/RHRLMeTqNw+R8GPg=,jSDYKxXPl9FRus0Vg45GjkAOt94=
30,12,zNbqzLKExf/RHRLMeTqNw+R8GPg=,SwLSk3YuLNJLl+GfOlw+DIA3ozk=
29,11,zNbqzLKExf/RHRLMeTqNw+R8GPg=,59Ia+2PnPn4luZXEM+7x9lgZh4w=
30,11,zNbqzLKExf/RHRLMeTqNw+R8GPg=,TdXyB24ZceHGI7KLHf6WjoZgWm8=
28,14,JWgHwlk7KftfDnjHVcWz5Yi0fd0=,+oMvpl/1CWDtvCGqXCwvHm+RJVs=
27,14,JWgHwlk7KftfDnjHVcWz5Yi0fd0=,lnrXwbaRgVpa91mPj4Cm7dnTmaM=
27,13,JWgHwlk7KftfDnjHVcWz5Yi0fd0=,xrNKECArhyiFnzYiwwiGu7B1YUo=
28,13,JWgHwlk7KftfDnjHVcWz5Yi0fd0=,jSDYKxXPl9FRus0Vg45GjkAOt94=
28,12,JWgHwlk7KftfDnjHVcWz5Yi0fd0=,jSDYKxXPl9FRus0Vg45GjkAOt94=
27,11,JWgHwlk7KftfDnjHVcWz5Yi0fd0=,xDHK+6KhMOg2TPrzHZOvVj1yZBU=
28,11,JWgHwlk7KftfDnjHVcWz5Yi0fd0=,59Ia+2PnPn4luZXEM+7x9lgZh4w=
27,12,JWgHwlk7KftfDnjHVcWz5Yi0fd0=,xrNKECArhyiFnzYiwwiGu7B1YUo=
25,8,iq+NQpIKp0JelTd1khNTjHAg5i0=,NH1R+6OuK7AT8XQpCf+Se7JKD10=
28,7,iq+NQpIKp0JelTd1khNTjHAg5i0=,X9TtpPz4JmwcXFC1dXKmbwvF8U4=
27,10,iq+NQpIKp0JelTd1khNTjHAg5i0=,xDHK+6KhMOg2TPrzHZOvVj1yZBU=
26,10,iq+NQpIKp0JelTd1khNTjHAg5i0=,xDHK+6KhMOg2TPrzHZOvVj1yZBU=
27,7,iq+NQpIKp0JelTd1khNTjHAg5i0=,809Efyi0LM0sT6SehOU6+3mngvQ=
26,7,iq+NQpIKp0JelTd1khNTjHAg5i0=,809Efyi0LM0sT6SehOU6+3mngvQ=
27,9,iq+NQpIKp0JelTd1khNTjHAg5i0=,Kw3j2XBZpgtgop3GqjLI89RRYKA=
26,9,iq+NQpIKp0JelTd1khNTjHAg5i0=,Kw3j2XBZpgtgop3GqjLI89RRYKA=
28,8,iq+NQpIKp0JelTd1khNTjHAg5i0=,N+IxzO/S57fb9vZ/TfbZch0lkYQ=
25,7,iq+NQpIKp0JelTd1khNTjHAg5i0=,/GmPRWVgv6Ote9zN+UfrYSHGevg=
25,10,iq+NQpIKp0JelTd1khNTjHAg5i0=,Boi70m44VJl7o3enaFBE79i9CIs=
28,9,iq+NQpIKp0JelTd1khNTjHAg5i0=,N+IxzO/S57fb9vZ/TfbZch0lkYQ=
27,8,iq+NQpIKp0JelTd1khNTjHAg5i0=,Kw3j2XBZpgtgop3GqjLI89RRYKA=
28,10,iq+NQpIKp0JelTd1khNTjHAg5i0=,59Ia+2PnPn4luZXEM+7x9lgZh4w=
26,8,iq+NQpIKp0JelTd1khNTjHAg5i0=,Kw3j2XBZpgtgop3GqjLI89RRYKA=
25,9,iq+NQpIKp0JelTd1khNTjHAg5i0=,NH1R+6OuK7AT8XQpCf+Se7JKD10=
26,12,iq+NQpIKp0JelTd1khNTjHAg5i0=,xrNKECArhyiFnzYiwwiGu7B1YUo=
25,11,iq+NQpIKp0JelTd1khNTjHAg5i0=,Boi70m44VJl7o3enaFBE79i9CIs=
26,11,iq+NQpIKp0JelTd1khNTjHAg5i0=,xDHK+6KhMOg2TPrzHZOvVj1yZBU=
25,12,iq+NQpIKp0JelTd1khNTjHAg5i0=,ga6j8g4Q0L2guRLqdRad2DdGGiI=
24,12,iq+NQpIKp0JelTd1khNTjHAg5i0=,ga6j8g4Q0L2guRLqdRad2DdGGiI=
23,11,iq+NQpIKp0JelTd1khNTjHAg5i0=,RgqeCCx2D9mJ/XctIZFBwjb27Vw=
24,11,iq+NQpIKp0JelTd1khNTjHAg5i0=,Boi70m44VJl7o3enaFBE79i9CIs=
23,12,iq+NQpIKp0JelTd1khNTjHAg5i0=,464JxnmgwPwogeOj5nW0JcqGbyA=
22,11,iq+NQpIKp0JelTd1khNTjHAg5i0=,RgqeCCx2D9mJ/XctIZFBwjb27Vw=
21,12,iq+NQpIKp0JelTd1khNTjHAg5i0=,5dG1fFgWjcsASvOo53DNkT/eh7w=
21,11,iq+NQpIKp0JelTd1khNTjHAg5i0=,nqMqJPclq2MnfrYi/FuIiHh2n+k=
22,12,iq+NQpIKp0JelTd1khNTjHAg5i0=,464JxnmgwPwogeOj5nW0JcqGbyA=
20,11,acvq44jAoO6ZeRi8tSVXfeIEswE=,nqMqJPclq2MnfrYi/FuIiHh2n+k=
19,12,acvq44jAoO6ZeRi8tSVXfeIEswE=,6fw1MpgYM45fHw36Ky2Hq56SkLo=
20,12,acvq44jAoO6ZeRi8tSVXfeIEswE=,5dG1fFgWjcsASvOo53DNkT/eh7w=
19,11,acvq44jAoO6ZeRi8tSVXfeIEswE=,BSm5ZFFUJlIa3tlzy+sTxv3Ol1w=
21,14,acvq44jAoO6ZeRi8tSVXfeIEswE=,0T+DHY/1DsiXm87V1qIju8beVek=
21,13,acvq44jAoO6ZeRi8tSVXfeIEswE=,5dG1fFgWjcsASvOo53DNkT/eh7w=
22,13,acvq44jAoO6ZeRi8tSVXfeIEswE=,464JxnmgwPwogeOj5nW0JcqGbyA=
22,14,acvq44jAoO6ZeRi8tSVXfeIEswE=,7H2FQiTsr89j0D7cYSWw83kjvNA=
20,14,acvq44jAoO6ZeRi8tSVXfeIEswE=,0T+DHY/1DsiXm87V1qIju8beVek=
19,13,acvq44jAoO6ZeRi8tSVXfeIEswE=,6fw1MpgYM45fHw36Ky2Hq56SkLo=
20,13,acvq44jAoO6ZeRi8tSVXfeIEswE=,5dG1fFgWjcsASvOo53DNkT/eh7w=
19,14,acvq44jAoO6ZeRi8tSVXfeIEswE=,j0AhSUFia2INs+8woE/Ih6zKWw4=
28,15,ljT6neKt1yUmMwTYLV5aUzpOjyc=,+oMvpl/1CWDtvCGqXCwvHm+RJVs=
27,15,ljT6neKt1yUmMwTYLV5aUzpOjyc=,lnrXwbaRgVpa91mPj4Cm7dnTmaM=
18,11,ljT6neKt1yUmMwTYLV5aUzpOjyc=,BSm5ZFFUJlIa3tlzy+sTxv3Ol1w=
17,11,ljT6neKt1yUmMwTYLV5aUzpOjyc=,WeAM7z4gFpE//OEFggwd3IHHa/k=
17,12,ljT6neKt1yUmMwTYLV5aUzpOjyc=,+3kY+eG9t499MctjsHLHNyylfIU=
18,12,ljT6neKt1yUmMwTYLV5aUzpOjyc=,6fw1MpgYM45fHw36Ky2Hq56SkLo=
16,13,ljT6neKt1yUmMwTYLV5aUzpOjyc=,+3kY+eG9t499MctjsHLHNyylfIU=
17,13,ljT6neKt1yUmMwTYLV5aUzpOjyc=,+3kY+eG9t499MctjsHLHNyylfIU=
18,13,ljT6neKt1yUmMwTYLV5aUzpOjyc=,6fw1MpgYM45fHw36Ky2Hq56SkLo=
17,14,ljT6neKt1yUmMwTYLV5aUzpOjyc=,ffUqLuxMmi+/jtPzCcBqUp1XA34=
16,14,ljT6neKt1yUmMwTYLV5aUzpOjyc=,ffUqLuxMmi+/jtPzCcBqUp1XA34=
18,14,ljT6neKt1yUmMwTYLV5aUzpOjyc=,j0AhSUFia2INs+8woE/Ih6zKWw4=
31,12,ljT6neKt1yUmMwTYLV5aUzpOjyc=,SwLSk3YuLNJLl+GfOlw+DIA3ozk=
31,11,ljT6neKt1yUmMwTYLV5aUzpOjyc=,TdXyB24ZceHGI7KLHf6WjoZgWm8=
24,14,ljT6neKt1yUmMwTYLV5aUzpOjyc=,DT4tdEcqrS8nG4z+cm6VBvtGlrE=
25,13,ljT6neKt1yUmMwTYLV5aUzpOjyc=,ga6j8g4Q0L2guRLqdRad2DdGGiI=
26,15,ljT6neKt1yUmMwTYLV5aUzpOjyc=,lnrXwbaRgVpa91mPj4Cm7dnTmaM=
23,13,ljT6neKt1yUmMwTYLV5aUzpOjyc=,464JxnmgwPwogeOj5nW0JcqGbyA=
24,13,ljT6neKt1yUmMwTYLV5aUzpOjyc=,ga6j8g4Q0L2guRLqdRad2DdGGiI=
26,14,ljT6neKt1yUmMwTYLV5aUzpOjyc=,lnrXwbaRgVpa91mPj4Cm7dnTmaM=
25,14,ljT6neKt1yUmMwTYLV5aUzpOjyc=,DT4tdEcqrS8nG4z+cm6VBvtGlrE=
26,13,ljT6neKt1yUmMwTYLV5aUzpOjyc=,xrNKECArhyiFnzYiwwiGu7B1YUo=
23,14,ljT6neKt1yUmMwTYLV5aUzpOjyc=,7H2FQiTsr89j0D7cYSWw83kjvNA=
25,15,ljT6neKt1yUmMwTYLV5aUzpOjyc=,DT4tdEcqrS8nG4z+cm6VBvtGlrE=
30,14,ZsFlO7FkoV8W7Vs9GWCc7VY0j6w=,F2VZ4UhJmri/zzBr4ediJz19k9k=
31,13,ZsFlO7FkoV8W7Vs9GWCc7VY0j6w=,SwLSk3YuLNJLl+GfOlw+DIA3ozk=
29,15,ZsFlO7FkoV8W7Vs9GWCc7VY0j6w=,+oMvpl/1CWDtvCGqXCwvHm+RJVs=
31,14,ZsFlO7FkoV8W7Vs9GWCc7VY0j6w=,F2VZ4UhJmri/zzBr4ediJz19k9k=
30,13,ZsFlO7FkoV8W7Vs9GWCc7VY0j6w=,SwLSk3YuLNJLl+GfOlw+DIA3ozk=
30,15,ZsFlO7FkoV8W7Vs9GWCc7VY0j6w=,F2VZ4UhJmri/zzBr4ediJz19k9k=
29,14,ZsFlO7FkoV8W7Vs9GWCc7VY0j6w=,+oMvpl/1CWDtvCGqXCwvHm+RJVs=
29,13,ZsFlO7FkoV8W7Vs9GWCc7VY0j6w=,jSDYKxXPl9FRus0Vg45GjkAOt94=
30,10,ZsFlO7FkoV8W7Vs9GWCc7VY0j6w=,TdXyB24ZceHGI7KLHf6WjoZgWm8=
29,10,ZsFlO7FkoV8W7Vs9GWCc7VY0j6w=,59Ia+2PnPn4luZXEM+7x9lgZh4w=
30,9,trX9aKXdn5AgUfpLmWRQG0C+8IQ=,ukEKRLaj1TAgeumyOLPvThdM1u8=
29,9,trX9aKXdn5AgUfpLmWRQG0C+8IQ=,N+IxzO/S57fb9vZ/TfbZch0lkYQ=
30,8,trX9aKXdn5AgUfpLmWRQG0C+8IQ=,ukEKRLaj1TAgeumyOLPvThdM1u8=
29,7,trX9aKXdn5AgUfpLmWRQG0C+8IQ=,X9TtpPz4JmwcXFC1dXKmbwvF8U4=
30,7,trX9aKXdn5AgUfpLmWRQG0C+8IQ=,uRelwKcToihYN2f57YAKTjkXMk4=
29,8,trX9aKXdn5AgUfpLmWRQG0C+8IQ=,N+IxzO/S57fb9vZ/TfbZch0lkYQ=
30,6,trX9aKXdn5AgUfpLmWRQG0C+8IQ=,uRelwKcToihYN2f57YAKTjkXMk4=
29,6,trX9aKXdn5AgUfpLmWRQG0C+8IQ=,X9TtpPz4JmwcXFC1dXKmbwvF8U4=
30,5,trX9aKXdn5AgUfpLmWRQG0C+8IQ=,n7XW+gs4eHP6yc3oAMlW2ZZL+SA=
29,5,trX9aKXdn5AgUfpLmWRQG0C+8IQ=,PzJSK0GwvRZdeEjLPYY2z3m3vrI=
28,0,trX9aKXdn5AgUfpLmWRQG0C+8IQ=,VavI7qwCR2Kgy9JsGSmqRLo0PaM=
27,0,trX9aKXdn5AgUfpLmWRQG0C+8IQ=,B1Aiz0N/FrJ9ShictiUUGXLkz5o=
30,4,trX9aKXdn5AgUfpLmWRQG0C+8IQ=,n7XW+gs4eHP6yc3oAMlW2ZZL+SA=
31,4,trX9aKXdn5AgUfpLmWRQG0C+8IQ=,n7XW+gs4eHP6yc3oAMlW2ZZL+SA=
29,3,trX9aKXdn5AgUfpLmWRQG0C+8IQ=,xrmL3k80TtU10bumhnRZJs2fPqk=
31,3,trX9aKXdn5AgUfpLmWRQG0C+8IQ=,qIc7TpT+/XPU5YE5SL9iqucds60=
30,3,trX9aKXdn5AgUfpLmWRQG0C+8IQ=,qIc7TpT+/XPU5YE5SL9iqucds60=
29,4,trX9aKXdn5AgUfpLmWRQG0C+8IQ=,PzJSK0GwvRZdeEjLPYY2z3m3vrI=
30,0,VcSf/grnIR5xEjSTmkZVXRC/4rw=,57rDyOCpZ+P8ePNkbT9wlqkkdPg=
31,1,VcSf/grnIR5xEjSTmkZVXRC/4rw=,57rDyOCpZ+P8ePNkbT9wlqkkdPg=
29,1,VcSf/grnIR5xEjSTmkZVXRC/4rw=,VavI7qwCR2Kgy9JsGSmqRLo0PaM=
29,0,VcSf/grnIR5xEjSTmkZVXRC/4rw=,VavI7qwCR2Kgy9JsGSmqRLo0PaM=
30,1,VcSf/grnIR5xEjSTmkZVXRC/4rw=,57rDyOCpZ+P8ePNkbT9wlqkkdPg=
31,2,VcSf/grnIR5xEjSTmkZVXRC/4rw=,qIc7TpT+/XPU5YE5SL9iqucds60=
29,2,VcSf/grnIR5xEjSTmkZVXRC/4rw=,xrmL3k80TtU10bumhnRZJs2fPqk=
30,2,VcSf/grnIR5xEjSTmkZVXRC/4rw=,qIc7TpT+/XPU5YE5SL9iqucds60=
25,2,VcSf/grnIR5xEjSTmkZVXRC/4rw=,okcA0uGgT6A8oJemJ+RqJ4MZgSY=
25,1,VcSf/grnIR5xEjSTmkZVXRC/4rw=,D3+qGdF70OpaUqwAM4VDcfzOVhA=
23,2,VcSf/grnIR5xEjSTmkZVXRC/4rw=,qT17IyrtSMoO3XDspMPo+trDnYU=
26,1,VcSf/grnIR5xEjSTmkZVXRC/4rw=,B1Aiz0N/FrJ9ShictiUUGXLkz5o=
26,2,VcSf/grnIR5xEjSTmkZVXRC/4rw=,gHugn5UcT5NmQs2pIcfDSRbjZQ4=
24,1,VcSf/grnIR5xEjSTmkZVXRC/4rw=,D3+qGdF70OpaUqwAM4VDcfzOVhA=
23,1,VcSf/grnIR5xEjSTmkZVXRC/4rw=,6lWTU5he50DIGGkzlGzVZNLdKUI=
24,2,VcSf/grnIR5xEjSTmkZVXRC/4rw=,okcA0uGgT6A8oJemJ+RqJ4MZgSY=
21,2,VcSf/grnIR5xEjSTmkZVXRC/4rw=,q/hR82hf4zOuoJp+t1u1gDooIfQ=
21,1,VcSf/grnIR5xEjSTmkZVXRC/4rw=,iMEo3QkrdTqsEAO00NNCqtnjYTQ=
22,2,VcSf/grnIR5xEjSTmkZVXRC/4rw=,qT17IyrtSMoO3XDspMPo+trDnYU=
22,1,VcSf/grnIR5xEjSTmkZVXRC/4rw=,6lWTU5he50DIGGkzlGzVZNLdKUI=
16,3,VcSf/grnIR5xEjSTmkZVXRC/4rw=,l3bZysKNIH4CJgUFPbGqWKJeEpo=
16,4,VcSf/grnIR5xEjSTmkZVXRC/4rw=,nsqkf03NDuTJ2hG9oIXc249VgFA=
16,5,VcSf/grnIR5xEjSTmkZVXRC/4rw=,nsqkf03NDuTJ2hG9oIXc249VgFA=
16,6,VcSf/grnIR5xEjSTmkZVXRC/4rw=,V2On+rH8HoXdW663Xr69NIAIMZ4=
16,8,VcSf/grnIR5xEjSTmkZVXRC/4rw=,C3okhrD/BVFXr+v2B9fWEnkEMxY=
16,7,VcSf/grnIR5xEjSTmkZVXRC/4rw=,V2On+rH8HoXdW663Xr69NIAIMZ4=
16,11,VcSf/grnIR5xEjSTmkZVXRC/4rw=,WeAM7z4gFpE//OEFggwd3IHHa/k=
16,12,VcSf/grnIR5xEjSTmkZVXRC/4rw=,+3kY+eG9t499MctjsHLHNyylfIU=
16,10,VcSf/grnIR5xEjSTmkZVXRC/4rw=,WeAM7z4gFpE//OEFggwd3IHHa/k=
16,9,VcSf/grnIR5xEjSTmkZVXRC/4rw=,C3okhrD/BVFXr+v2B9fWEnkEMxY=
31,10,VcSf/grnIR5xEjSTmkZVXRC/4rw=,TdXyB24ZceHGI7KLHf6WjoZgWm8=
31,9,VcSf/grnIR5xEjSTmkZVXRC/4rw=,ukEKRLaj1TAgeumyOLPvThdM1u8=
31,6,VcSf/grnIR5xEjSTmkZVXRC/4rw=,uRelwKcToihYN2f57YAKTjkXMk4=
31,7,VcSf/grnIR5xEjSTmkZVXRC/4rw=,uRelwKcToihYN2f57YAKTjkXMk4=
31,5,VcSf/grnIR5xEjSTmkZVXRC/4rw=,n7XW+gs4eHP6yc3oAMlW2ZZL+SA=
31,8,VcSf/grnIR5xEjSTmkZVXRC/4rw=,ukEKRLaj1TAgeumyOLPvThdM1u8=
31,15,VcSf/grnIR5xEjSTmkZVXRC/4rw=,F2VZ4UhJmri/zzBr4ediJz19k9k=
20,0,4jQtEIujr48f4+0Z6i0K/McbCaQ=,iMEo3QkrdTqsEAO00NNCqtnjYTQ=
19,2,4jQtEIujr48f4+0Z6i0K/McbCaQ=,rg4HPWGhQXWVrk6mmR5nTU2AiAg=
20,2,4jQtEIujr48f4+0Z6i0K/McbCaQ=,q/hR82hf4zOuoJp+t1u1gDooIfQ=
19,1,4jQtEIujr48f4+0Z6i0K/McbCaQ=,nBmmTXWGWrhH0Zv8SS/vTy25lOw=
20,1,4jQtEIujr48f4+0Z6i0K/McbCaQ=,iMEo3QkrdTqsEAO00NNCqtnjYTQ=
19,0,4jQtEIujr48f4+0Z6i0K/McbCaQ=,nBmmTXWGWrhH0Zv8SS/vTy25lOw=
24,15,4jQtEIujr48f4+0Z6i0K/McbCaQ=,DT4tdEcqrS8nG4z+cm6VBvtGlrE=
21,15,4jQtEIujr48f4+0Z6i0K/McbCaQ=,0T+DHY/1DsiXm87V1qIju8beVek=
23,15,4jQtEIujr48f4+0Z6i0K/McbCaQ=,7H2FQiTsr89j0D7cYSWw83kjvNA=
22,15,4jQtEIujr48f4+0Z6i0K/McbCaQ=,7H2FQiTsr89j0D7cYSWw83kjvNA=
17,15,4jQtEIujr48f4+0Z6i0K/McbCaQ=,ffUqLuxMmi+/jtPzCcBqUp1XA34=
20,15,4jQtEIujr48f4+0Z6i0K/McbCaQ=,0T+DHY/1DsiXm87V1qIju8beVek=
18,15,4jQtEIujr48f4+0Z6i0K/McbCaQ=,j0AhSUFia2INs+8woE/Ih6zKWw4=
19,15,4jQtEIujr48f4+0Z6i0K/McbCaQ=,j0AhSUFia2INs+8woE/Ih6zKWw4=
18,1,4jQtEIujr48f4+0Z6i0K/McbCaQ=,nBmmTXWGWrhH0Zv8SS/vTy25lOw=
16,2,4jQtEIujr48f4+0Z6i0K/McbCaQ=,l3bZysKNIH4CJgUFPbGqWKJeEpo=
17,1,4jQtEIujr48f4+0Z6i0K/McbCaQ=,vi2pQ511VZolQMggoGqdWZf6BZE=
16,0,4jQtEIujr48f4+0Z6i0K/McbCaQ=,vi2pQ511VZolQMggoGqdWZf6BZE=
18,2,4jQtEIujr48f4+0Z6i0K/McbCaQ=,rg4HPWGhQXWVrk6mmR5nTU2AiAg=
18,0,4jQtEIujr48f4+0Z6i0K/McbCaQ=,nBmmTXWGWrhH0Zv8SS/vTy25lOw=
17,2,4jQtEIujr48f4+0Z6i0K/McbCaQ=,l3bZysKNIH4CJgUFPbGqWKJeEpo=
16,1,4jQtEIujr48f4+0Z6i0K/McbCaQ=,vi2pQ511VZolQMggoGqdWZf6BZE=
17,0,4jQtEIujr48f4+0Z6i0K/McbCaQ=,vi2pQ511VZolQMggoGqdWZf6BZE=
26,0,4jQtEIujr48f4+0Z6i0K/McbCaQ=,B1Aiz0N/FrJ9ShictiUUGXLkz5o=
25,0,4jQtEIujr48f4+0Z6i0K/McbCaQ=,D3+qGdF70OpaUqwAM4VDcfzOVhA=
22,0,4jQtEIujr48f4+0Z6i0K/McbCaQ=,6lWTU5he50DIGGkzlGzVZNLdKUI=
31,0,4jQtEIujr48f4+0Z6i0K/McbCaQ=,57rDyOCpZ+P8ePNkbT9wlqkkdPg=
23,0,4jQtEIujr48f4+0Z6i0K/McbCaQ=,6lWTU5he50DIGGkzlGzVZNLdKUI=
21,0,4jQtEIujr48f4+0Z6i0K/McbCaQ=,iMEo3QkrdTqsEAO00NNCqtnjYTQ=
24,0,4jQtEIujr48f4+0Z6i0K/McbCaQ=,D3+qGdF70OpaUqwAM4VDcfzOVhA=
16,15,4jQtEIujr48f4+0Z6i0K/McbCaQ=,ffUqLuxMmi+/jtPzCcBqUp1XA34=
22,3,4jQtEIujr48f4+0Z6i0K/McbCaQ=,qT17IyrtSMoO3XDspMPo+trDnYU=
21,4,4jQtEIujr48f4+0Z6i0K/McbCaQ=,Fc+10cpA4D+o/deUKBPxZTcRq9w=
21,3,4jQtEIujr48f4+0Z6i0K/McbCaQ=,q/hR82hf4zOuoJp+t1u1gDooIfQ=
20,3,4jQtEIujr48f4+0Z6i0K/McbCaQ=,q/hR82hf4zOuoJp+t1u1gDooIfQ=
19,3,4jQtEIujr48f4+0Z6i0K/McbCaQ=,rg4HPWGhQXWVrk6mmR5nTU2AiAg=
22,4,4jQtEIujr48f4+0Z6i0K/McbCaQ=,9OuVyv62KaQqBACNopjWO+WcNgY=
20,4,4jQtEIujr48f4+0Z6i0K/McbCaQ=,Fc+10cpA4D+o/deUKBPxZTcRq9w=
19,4,4jQtEIujr48f4+0Z6i0K/McbCaQ=,B6koocef7XxuaQcNmYS1YJl0k74=
21,5,4jQtEIujr48f4+0Z6i0K/McbCaQ=,Fc+10cpA4D+o/deUKBPxZTcRq9w=
22,5,4jQtEIujr48f4+0Z6i0K/McbCaQ=,9OuVyv62KaQqBACNopjWO+WcNgY=
20,7,4jQtEIujr48f4+0Z6i0K/McbCaQ=,9t7DXJWlAeMzWifP1GKXIKZMcpA=
21,6,4jQtEIujr48f4+0Z6i0K/McbCaQ=,9t7DXJWlAeMzWifP1GKXIKZMcpA=
21,7,4jQtEIujr48f4+0Z6i0K/McbCaQ=,9t7DXJWlAeMzWifP1GKXIKZMcpA=
21,8,4jQtEIujr48f4+0Z6i0K/McbCaQ=,OebfR2w0NoiFaSkN7tyNYHHOPw0=
20,5,4jQtEIujr48f4+0Z6i0K/McbCaQ=,Fc+10cpA4D+o/deUKBPxZTcRq9w=
20,8,4jQtEIujr48f4+0Z6i0K/McbCaQ=,OebfR2w0NoiFaSkN7tyNYHHOPw0=
22,8,4jQtEIujr48f4+0Z6i0K/McbCaQ=,OV9etH04LwOaAvzrMOfX2p9FrwI=
20,6,4jQtEIujr48f4+0Z6i0K/McbCaQ=,9t7DXJWlAeMzWifP1GKXIKZMcpA=
22,6,4jQtEIujr48f4+0Z6i0K/McbCaQ=,WmkxBoM9jf2MOO6gigOXvT68cbw=
22,7,4jQtEIujr48f4+0Z6i0K/McbCaQ=,WmkxBoM9jf2MOO6gigOXvT68cbw=
19,8,4jQtEIujr48f4+0Z6i0K/McbCaQ=,EISvx0BveZVW+au6gxmmLGySVLY=
19,5,4jQtEIujr48f4+0Z6i0K/McbCaQ=,B6koocef7XxuaQcNmYS1YJl0k74=
19,7,4jQtEIujr48f4+0Z6i0K/McbCaQ=,jKDi79WL+HfsDsPu46Fy8jlCgyg=
19,6,4jQtEIujr48f4+0Z6i0K/McbCaQ=,jKDi79WL+HfsDsPu46Fy8jlCgyg=
