31,-1,/uGiJpyrwIle2s48ICmZNSvgafw=,hk9IPvYUcDCnXbgU1DSPGb6nmrs=
31,-2,/uGiJpyrwIle2s48ICmZNSvgafw=,wCjTXw4REj7531gXaHwISV0GKPk=
31,-3,/uGiJpyrwIle2s48ICmZNSvgafw=,dLe7bO9Ljx+GVVwxQDesXSdFoKg=
31,-4,/uGiJpyrwIle2s48ICmZNSvgafw=,dLe7bO9Ljx+GVVwxQDesXSdFoKg=
31,-5,/uGiJpyrwIle2s48ICmZNSvgafw=,zZSkTx2NKdtx3dinFJ1PaXMg24w=
31,-6,/uGiJpyrwIle2s48ICmZNSvgafw=,bxJjPdz1OZABd4Gbuxh8PyECmKM=
31,-7,/uGiJpyrwIle2s48ICmZNSvgafw=,FHtGKhW3+7MGyCmdeyQ2vxt8nIk=
31,-8,/uGiJpyrwIle2s48ICmZNSvgafw=,jv+p0Xmxz8hWSRAYMxONwAIrbTs=
31,-9,/uGiJpyrwIle2s48ICmZNSvgafw=,UPMJEKZaISIlPSveANS50XyyIeg=
31,-10,/uGiJpyrwIle2s48ICmZNSvgafw=,9LpTWlg6f4jbywv0UeX6srKhAVI=
31,-11,/uGiJpyrwIle2s48ICmZNSvgafw=,uvblYZZ2ApLJ26GThujdcktnXI8=
31,-12,/uGiJpyrwIle2s48ICmZNSvgafw=,x1Sa1d4Up9ekBWd1wsBMgbf0PBo=
31,-13,/uGiJpyrwIle2s48ICmZNSvgafw=,8R29rsKMtRuI/OI6Fg0kPmcZiOE=
31,-14,/uGiJpyrwIle2s48ICmZNSvgafw=,gmITWJPTNss/Mgllw/ZFfCM+6CQ=
31,-15,/uGiJpyrwIle2s48ICmZNSvgafw=,5gMOcLKtWOgk2nnDRPUSAnFxYbk=
31,-16,/uGiJpyrwIle2s48ICmZNSvgafw=,Rd34ulrfbZ6cGVwNtZULpRi5i/Y=
31,-17,/uGiJpyrwIle2s48ICmZNSvgafw=,q/njApZTSs9Six3Ko0LrpSDMCOg=
31,-18,/uGiJpyrwIle2s48ICmZNSvgafw=,u1Je0hWADPXtDHNwIBCnamUHT4Y=
30,-2,/uGiJpyrwIle2s48ICmZNSvgafw=,pHrDXNX43EdmY6MRUPuMgjZDZX4=
30,-1,/uGiJpyrwIle2s48ICmZNSvgafw=,QQMLAhQ4UGLFIUA6xcNPxbZqes4=
30,-4,/uGiJpyrwIle2s48ICmZNSvgafw=,dLe7bO9Ljx+GVVwxQDesXSdFoKg=
30,-3,/uGiJpyrwIle2s48ICmZNSvgafw=,wCjTXw4REj7531gXaHwISV0GKPk=
30,-6,/uGiJpyrwIle2s48ICmZNSvgafw=,GXJaHcQyqO5zT9TLUwUGnb0lW+E=
30,-5,/uGiJpyrwIle2s48ICmZNSvgafw=,31hkBnk4jvgdbAT2ju0owGktf+4=
30,-8,/uGiJpyrwIle2s48ICmZNSvgafw=,qB/hPMuiS43N0ldyTWK4x6Ih4qs=
30,-7,/uGiJpyrwIle2s48ICmZNSvgafw=,xnuHPX1OjXqu6P+GfhIX7scBDz4=
30,-10,/uGiJpyrwIle2s48ICmZNSvgafw=,dQ4arYaqsrbmzz7yd67tYI7g9Rc=
30,-9,/uGiJpyrwIle2s48ICmZNSvgafw=,yfkEgswiA6Vqo6Uc1XiKhCw6wfI=
30,-12,/uGiJpyrwIle2s48ICmZNSvgafw=,mWNGTZeHZRWvApYHBH8369nQMKs=
30,-11,/uGiJpyrwIle2s48ICmZNSvgafw=,Qox6vOkZYSel37uXi/TEghKMht4=
30,-14,/uGiJpyrwIle2s48ICmZNSvgafw=,eRcW3MEg9bBXORdNEXRU24MDZWU=
30,-13,/uGiJpyrwIle2s48ICmZNSvgafw=,9Mm7STxUgFmAAkqnHJ6WGaMAFk4=
30,-16,/uGiJpyrwIle2s48ICmZNSvgafw=,w+Cvy3++WBBtoyyQ+pbkAD4wjEM=
30,-15,/uGiJpyrwIle2s48ICmZNSvgafw=,GfKeN1uYtF3Q76651HykgyVvoIA=
30,-18,/uGiJpyrwIle2s48ICmZNSvgafw=,DDgyren+DPeMg2ss3que+PWlxmc=
30,-17,/uGiJpyrwIle2s48ICmZNSvgafw=,WFnxGu81QFGlxyR2gPCqL3M6EWU=
29,-3,/uGiJpyrwIle2s48ICmZNSvgafw=,cHUnoafzmsjJ5X1Y0rE6ZY/g6so=
29,-4,/uGiJpyrwIle2s48ICmZNSvgafw=,ABLWojtjZSXl6X7yFCyaRJbwIPY=
29,-1,dAZnpEV5fYv8xmO3KY3ggfRDvSo=,MRSe5WsJ3YSHHBaZKKlxA56yjNI=
29,-2,dAZnpEV5fYv8xmO3KY3ggfRDvSo=,KuDoGoBtDpJq+06UsvfCvzjc2u0=
29,-7,dAZnpEV5fYv8xmO3KY3ggfRDvSo=,4U+RXRnVqtOqZyX3Zkl689shJv8=
29,-8,dAZnpEV5fYv8xmO3KY3ggfRDvSo=,LqX2Vskb1AgB7EZLMJ7O4+eF+xE=
29,-5,dAZnpEV5fYv8xmO3KY3ggfRDvSo=,JkAxOPtwDfpZ8AnYF2aNvmUhbOA=
29,-6,dAZnpEV5fYv8xmO3KY3ggfRDvSo=,pzLeEtPce0pAYmaRTxAfpOdUpYI=
29,-11,dAZnpEV5fYv8xmO3KY3ggfRDvSo=,gRRgMBlPXAGM1fYTLvk3lnb5p0A=
29,-12,dAZnpEV5fYv8xmO3KY3ggfRDvSo=,yWOrUXl6RZS6S+uHN42vw7aJj+k=
29,-9,dAZnpEV5fYv8xmO3KY3ggfRDvSo=,yfkEgswiA6Vqo6Uc1XiKhCw6wfI=
29,-10,dAZnpEV5fYv8xmO3KY3ggfRDvSo=,9HMxhdYIUJI/4Mlnp17BrLLIl9A=
29,-15,dAZnpEV5fYv8xmO3KY3ggfRDvSo=,xKigUiaSXvuDsDCs4fcot8xG3ME=
29,-16,dAZnpEV5fYv8xmO3KY3ggfRDvSo=,U6423P+Vdb8L3R79HJ3WubKuumU=
29,-13,dAZnpEV5fYv8xmO3KY3ggfRDvSo=,fiQQLgFLaj1z13RLeMEuVCyUdio=
29,-14,dAZnpEV5fYv8xmO3KY3ggfRDvSo=,lvG+R8UI+8zREUkz4ONZBlfw1FI=
29,-17,dAZnpEV5fYv8xmO3KY3ggfRDvSo=,wSpCmTiW5Me9/FY4f9E+QXn8QBE=
29,-18,dAZnpEV5fYv8xmO3KY3ggfRDvSo=,wh2dSHr+dDd736Hdmh0wquLYtDA=
28,-4,dAZnpEV5fYv8xmO3KY3ggfRDvSo=,1TE51bi8aa3YNOnZB4lCltzcc6w=
28,-3,dAZnpEV5fYv8xmO3KY3ggfRDvSo=,qsI3qONLcr0AtuEzonzSVIxSj8Q=
28,-2,dAZnpEV5fYv8xmO3KY3ggfRDvSo=,0lxEXu+5GAqoaGAx37jnL/CwD/0=
28,-1,dAZnpEV5fYv8xmO3KY3ggfRDvSo=,unYcdZevseGkbVs/eJ+6KMg2EYc=
28,-8,dAZnpEV5fYv8xmO3KY3ggfRDvSo=,upXK9mbnuys3axbtE5hwUoJrmzQ=
28,-7,dAZnpEV5fYv8xmO3KY3ggfRDvSo=,1gMTnE95OpGwzqlm8XQe56k3QcA=
28,-6,dAZnpEV5fYv8xmO3KY3ggfRDvSo=,gWA5EYrSF6RzEf0vgxPOAOhXgQ0=
28,-5,dAZnpEV5fYv8xmO3KY3ggfRDvSo=,ryEgWQJBmRA2lRfZIoxcbG6U/TU=
28,-12,dAZnpEV5fYv8xmO3KY3ggfRDvSo=,JbjiTO+miGVX0RZuX8/ial4HbM4=
28,-11,dAZnpEV5fYv8xmO3KY3ggfRDvSo=,k4y1c3WHynMJsVSzM0DBVhang4g=
28,-10,dAZnpEV5fYv8xmO3KY3ggfRDvSo=,7euSFbG33aDnxuNqgvDo5VPbtE8=
28,-9,dAZnpEV5fYv8xmO3KY3ggfRDvSo=,8P4XFU/MSpCukwYCO39BzjHwoAQ=
28,-16,dAZnpEV5fYv8xmO3KY3ggfRDvSo=,vDKBUlcFn+A14I+lzys0mIyYW8o=
28,-15,dAZnpEV5fYv8xmO3KY3ggfRDvSo=,ov8JqjtCc7bxwyP2zrk5gOj82DU=
28,-14,dAZnpEV5fYv8xmO3KY3ggfRDvSo=,yw5Fhjy569EZYiku3GI5bBaOFe4=
28,-13,dAZnpEV5fYv8xmO3KY3ggfRDvSo=,ELU5YUOXmoTLlPrw8D6lnAAj8kQ=
28,-18,dAZnpEV5fYv8xmO3KY3ggfRDvSo=,zb37HFJH4BPpSaI/Hq5B2hYjs6o=
28,-17,dAZnpEV5fYv8xmO3KY3ggfRDvSo=,TWhKXvpHJxApR2ocuePcV567+q4=
27,-5,dAZnpEV5fYv8xmO3KY3ggfRDvSo=,miHui3dLBbBfjGSKA96pEdZGBVk=
27,-6,dAZnpEV5fYv8xmO3KY3ggfRDvSo=,gDMkSic9yQtWo9qxXxCYr0AfWnw=
27,-7,dAZnpEV5fYv8xmO3KY3ggfRDvSo=,hqgJ1+MbaS/KuIw7neqF+PfKpQE=
27,-8,dAZnpEV5fYv8xmO3KY3ggfRDvSo=,If6gmCEz1hRi7tN9BjZ8FhrNNnU=
27,-1,dAZnpEV5fYv8xmO3KY3ggfRDvSo=,unYcdZevseGkbVs/eJ+6KMg2EYc=
27,-2,dAZnpEV5fYv8xmO3KY3ggfRDvSo=,A9k0KD3twr811lnJHGpV2OKHXTw=
27,-3,dAZnpEV5fYv8xmO3KY3ggfRDvSo=,3WIEZGDzZVpIS0fC1vbaFUWxRxM=
27,-4,dAZnpEV5fYv8xmO3KY3ggfRDvSo=,GKmtVWvFT/NgiPtQRiO6SM/u2q0=
27,-13,dAZnpEV5fYv8xmO3KY3ggfRDvSo=,L35AmwEKc8jq1Fdr1a+RHBPSLRc=
27,-14,dAZnpEV5fYv8xmO3KY3ggfRDvSo=,yw5Fhjy569EZYiku3GI5bBaOFe4=
27,-15,dAZnpEV5fYv8xmO3KY3ggfRDvSo=,unhbcyVMDSjdR04UkoFljk9bzH4=
27,-16,dAZnpEV5fYv8xmO3KY3ggfRDvSo=,bTU2et3oOSdkJM5OJ5yr2P1mVic=
27,-9,dAZnpEV5fYv8xmO3KY3ggfRDvSo=,jrGO78O1WI6Z2r+dRBQvismSApA=
27,-10,dAZnpEV5fYv8xmO3KY3ggfRDvSo=,KM9ViBC277bE5V/eAwZwULDY5nk=
27,-11,dAZnpEV5fYv8xmO3KY3ggfRDvSo=,aHOGgI9GZ+nMAWSUt6BXsv6GVL4=
27,-12,dAZnpEV5fYv8xmO3KY3ggfRDvSo=,KdzitpkAuZnvQGEwKcyb8zg0VV8=
27,-17,dAZnpEV5fYv8xmO3KY3ggfRDvSo=,C6sL4iMzdjiF5hAOfXBVbBJsVyk=
27,-18,dAZnpEV5fYv8xmO3KY3ggfRDvSo=,NyZGxPR6+zE3VpkRn8AVoT1mtlc=
26,-6,dAZnpEV5fYv8xmO3KY3ggfRDvSo=,iHb0L8TQbdWoGtjEdI4yY/sAqrU=
26,-5,dAZnpEV5fYv8xmO3KY3ggfRDvSo=,xtMeX0bUDOitfb6dSMqFUOcYRV0=
26,-8,dAZnpEV5fYv8xmO3KY3ggfRDvSo=,If6gmCEz1hRi7tN9BjZ8FhrNNnU=
26,-7,dAZnpEV5fYv8xmO3KY3ggfRDvSo=,S072bIN8sSsVrL2+J4SnfzKtee8=
26,-2,dAZnpEV5fYv8xmO3KY3ggfRDvSo=,/6eDVrJ9aArTwRXxluN3kvDYDDE=
26,-1,dAZnpEV5fYv8xmO3KY3ggfRDvSo=,1OgwO2fI+6J34EkYg1fBAzm/0Cg=
26,-4,dAZnpEV5fYv8xmO3KY3ggfRDvSo=,pps1KCUwS/3jtnAZFEcXF9U+swM=
26,-3,dAZnpEV5fYv8xmO3KY3ggfRDvSo=,ThpAzNEjSGqypOJrgbHrSI0/ui0=
26,-14,dAZnpEV5fYv8xmO3KY3ggfRDvSo=,yw5Fhjy569EZYiku3GI5bBaOFe4=
26,-13,dAZnpEV5fYv8xmO3KY3ggfRDvSo=,GQcF1TJk/3YuPAljH0UPd1YVOwA=
26,-16,dAZnpEV5fYv8xmO3KY3ggfRDvSo=,ZWfhieVPRPpbPrIzNBw/CFDXQJY=
26,-15,dAZnpEV5fYv8xmO3KY3ggfRDvSo=,jR4b1G2GBRjQMk/1X2Dvn5JKDDE=
26,-10,dAZnpEV5fYv8xmO3KY3ggfRDvSo=,O8hoEqMqUnMUXOwAIEpPjt1hxGQ=
26,-9,dAZnpEV5fYv8xmO3KY3ggfRDvSo=,d0C6gWN7fLPDtxK9GTaN80MDGeQ=
26,-12,dAZnpEV5fYv8xmO3KY3ggfRDvSo=,iu/bPsjCEPHlPyHuoGu2zqLRGWs=
26,-11,dAZnpEV5fYv8xmO3KY3ggfRDvSo=,B/+//+2H9vZM8op40vMtto8WY9o=
26,-18,dAZnpEV5fYv8xmO3KY3ggfRDvSo=,tdch4iPCKSbm/OGy+1a7+6wWD3Q=
26,-17,dAZnpEV5fYv8xmO3KY3ggfRDvSo=,nVPmxizabHkOUTP10TJHNqbamXI=
25,-7,dAZnpEV5fYv8xmO3KY3ggfRDvSo=,zhwPVnUYuo+0gndSGLTd3aK0e0Y=
25,-8,dAZnpEV5fYv8xmO3KY3ggfRDvSo=,1gMtatQ/GO4OM9qfbybtFSeAgvI=
25,-5,dAZnpEV5fYv8xmO3KY3ggfRDvSo=,JCkgVSwi4dabBrsPQVvVBtd5rLA=
25,-6,dAZnpEV5fYv8xmO3KY3ggfRDvSo=,JCkgVSwi4dabBrsPQVvVBtd5rLA=
25,-3,dAZnpEV5fYv8xmO3KY3ggfRDvSo=,+t+Xw9iLNkwT89x/q172o2clSBM=
25,-4,dAZnpEV5fYv8xmO3KY3ggfRDvSo=,blzHKH/5tiCf4+8fzITE6OS21N8=
25,-1,dAZnpEV5fYv8xmO3KY3ggfRDvSo=,i3G3FtO6K9GpmFIMhgG2kuIh7e4=
25,-2,dAZnpEV5fYv8xmO3KY3ggfRDvSo=,6wjbIsuipznwq7eJQeBZIA4QihY=
25,-15,dAZnpEV5fYv8xmO3KY3ggfRDvSo=,HHGaQsDS9YRhHc7AKLvl7Yo9PhI=
25,-16,dAZnpEV5fYv8xmO3KY3ggfRDvSo=,ZWfhieVPRPpbPrIzNBw/CFDXQJY=
25,-13,dAZnpEV5fYv8xmO3KY3ggfRDvSo=,7mOSwv08hPHpfqyWVaiJz7T90wE=
25,-14,dAZnpEV5fYv8xmO3KY3ggfRDvSo=,jl04V2pmPOKwNzVBxxR1HcYkXRU=
25,-11,dAZnpEV5fYv8xmO3KY3ggfRDvSo=,5ngaXgfdypyTnk1Mc+S4ogPIars=
25,-12,dAZnpEV5fYv8xmO3KY3ggfRDvSo=,uwF0g94JFIf2E5nQk06DH1wtqMc=
25,-9,dAZnpEV5fYv8xmO3KY3ggfRDvSo=,Jpv0V8CiuiOOTVigdE7993cLlC4=
25,-10,dAZnpEV5fYv8xmO3KY3ggfRDvSo=,ClWXcvOTNnCYvt6ImK+hZCt8NLw=
25,-17,A3vDfexcmYESa10BmzrNHOlmiaU=,qkr0gUKJi9cIG8U/E2xVoB63Zpk=
25,-18,A3vDfexcmYESa10BmzrNHOlmiaU=,qkr0gUKJi9cIG8U/E2xVoB63Zpk=
24,-8,A3vDfexcmYESa10BmzrNHOlmiaU=,BeIw5fYUSsJZk3pxAg8e0klxQmE=
24,-7,A3vDfexcmYESa10BmzrNHOlmiaU=,BeIw5fYUSsJZk3pxAg8e0klxQmE=
24,-6,A3vDfexcmYESa10BmzrNHOlmiaU=,BeIw5fYUSsJZk3pxAg8e0klxQmE=
24,-5,A3vDfexcmYESa10BmzrNHOlmiaU=,BeIw5fYUSsJZk3pxAg8e0klxQmE=
24,-4,A3vDfexcmYESa10BmzrNHOlmiaU=,p3MCMg/N3ixktUNmFmlgw/qHTzE=
24,-3,A3vDfexcmYESa10BmzrNHOlmiaU=,cPw0POHMPJki5RUhz62Q/nn/5q0=
24,-2,A3vDfexcmYESa10BmzrNHOlmiaU=,t4pvo2Qf4MJTHh8+F0OXUQM6cNw=
24,-1,A3vDfexcmYESa10BmzrNHOlmiaU=,0AoUWFg09CEaFudwAmplvRBr4Jc=
24,-16,A3vDfexcmYESa10BmzrNHOlmiaU=,ZWfhieVPRPpbPrIzNBw/CFDXQJY=
24,-15,A3vDfexcmYESa10BmzrNHOlmiaU=,17OQuVFwBJqqqh4Lqf+M2QGXgBg=
24,-14,A3vDfexcmYESa10BmzrNHOlmiaU=,LCbfZMX5Lm3Y6PIWRThUtJwa5V8=
24,-13,A3vDfexcmYESa10BmzrNHOlmiaU=,LCbfZMX5Lm3Y6PIWRThUtJwa5V8=
24,-12,A3vDfexcmYESa10BmzrNHOlmiaU=,7s/gLxDJX3FtdVR2bV8rIzThtfs=
24,-11,A3vDfexcmYESa10BmzrNHOlmiaU=,lmeNylIuKOrojCgIF6PPEfPYpGw=
24,-10,A3vDfexcmYESa10BmzrNHOlmiaU=,tQqoAiOcEZkv0yRe1BG/0aHPrXY=
24,-9,A3vDfexcmYESa10BmzrNHOlmiaU=,iS8f5n7d1X3UCo/7z2tnMpPvn7U=
24,-18,A3vDfexcmYESa10BmzrNHOlmiaU=,qkr0gUKJi9cIG8U/E2xVoB63Zpk=
24,-17,A3vDfexcmYESa10BmzrNHOlmiaU=,qkr0gUKJi9cIG8U/E2xVoB63Zpk=
23,-9,A3vDfexcmYESa10BmzrNHOlmiaU=,nArBA6LWqSwX5UkhfkEBFkaKOT0=
23,-10,A3vDfexcmYESa10BmzrNHOlmiaU=,wzUrQSfg+FBIZmth25dSsCVZi4s=
23,-11,A3vDfexcmYESa10BmzrNHOlmiaU=,cHKqewq/jORAXNWN5r8Ejjc0/Zg=
23,-12,A3vDfexcmYESa10BmzrNHOlmiaU=,K+VClGJD4b3vXCmUNENZ47hhYMM=
23,-13,A3vDfexcmYESa10BmzrNHOlmiaU=,Xizdl1Qu+zhMhEqaIGnL7hgoG8s=
23,-14,A3vDfexcmYESa10BmzrNHOlmiaU=,/uj0PVukzOk18xG8PwFQ890q8U8=
23,-15,A3vDfexcmYESa10BmzrNHOlmiaU=,jZWOFIybUT4Qd088YH8/nqA5aIE=
23,-16,A3vDfexcmYESa10BmzrNHOlmiaU=,HLgRNJ5aHsOoukmCQwkuEXqJH6Q=
23,-1,A3vDfexcmYESa10BmzrNHOlmiaU=,tb+GGWQD+W3frwZRPTd5c7Z0n70=
23,-2,A3vDfexcmYESa10BmzrNHOlmiaU=,Bj/2LuTMgk0aYOC9A830d0HId2Y=
23,-3,A3vDfexcmYESa10BmzrNHOlmiaU=,0ZNxZNyJTESQ7uCkp6qqFZgYdcs=
23,-4,A3vDfexcmYESa10BmzrNHOlmiaU=,U5Xy/pavlCoplW3Y2dVSqS8AWsM=
23,-5,A3vDfexcmYESa10BmzrNHOlmiaU=,oKGMP8SWgEs/sgtfgZToWl9GFJg=
23,-6,A3vDfexcmYESa10BmzrNHOlmiaU=,B8aRSQ/fwoRhciK0cZc4mQPBM1E=
23,-7,A3vDfexcmYESa10BmzrNHOlmiaU=,p83pbdgP1hOcxfd/nFGR+FDunJY=
23,-8,A3vDfexcmYESa10BmzrNHOlmiaU=,EXfLeo/FLwbeqT77R5o/5DPvFa4=
23,-17,A3vDfexcmYESa10BmzrNHOlmiaU=,PODBSb0Tft8TZTq1a7zp/M/Uk5Q=
23,-18,A3vDfexcmYESa10BmzrNHOlmiaU=,PODBSb0Tft8TZTq1a7zp/M/Uk5Q=
22,-10,A3vDfexcmYESa10BmzrNHOlmiaU=,vfuWOjTwzKbSgRO3xuMgNc0p0Mw=
22,-9,A3vDfexcmYESa10BmzrNHOlmiaU=,VPdmjPHisLonE/FlrD+2GfGizPY=
22,-12,A3vDfexcmYESa10BmzrNHOlmiaU=,5ZvBCMsr3yENNoD42m5Ti9Fg2YQ=
22,-11,A3vDfexcmYESa10BmzrNHOlmiaU=,Bt3wmML4EW/9/Wj+H0RROsZLo0I=
22,-14,A3vDfexcmYESa10BmzrNHOlmiaU=,Bxa8sWswpjqlvYPpGctfv/N5SrE=
22,-13,A3vDfexcmYESa10BmzrNHOlmiaU=,b7JeeHrlW4hxSXEw6kAsGC8rJjI=
22,-16,A3vDfexcmYESa10BmzrNHOlmiaU=,smEvapYBMk/2jRFxY6F/Vbz8bp8=
22,-15,A3vDfexcmYESa10BmzrNHOlmiaU=,v6nwsDAFqZDjzrvNVILE6//nw0g=
22,-2,A3vDfexcmYESa10BmzrNHOlmiaU=,fO3HmE256g97khuIWnH1EFgzGsY=
22,-1,A3vDfexcmYESa10BmzrNHOlmiaU=,KPx7SD7dmAFcbmGwgGuE6gxfWO8=
22,-4,A3vDfexcmYESa10BmzrNHOlmiaU=,I2juEqFTpm1UKN6HK4tLcppjh1I=
22,-3,A3vDfexcmYESa10BmzrNHOlmiaU=,wCa2JfM0tRXZtMKQgzV+AhABwm8=
22,-6,A3vDfexcmYESa10BmzrNHOlmiaU=,phTzpjQR5oFswutFaIYe2JljkkQ=
22,-5,A3vDfexcmYESa10BmzrNHOlmiaU=,p1xpsM4vdb+xpcFaHBZ4JjOkrm8=
22,-8,A3vDfexcmYESa10BmzrNHOlmiaU=,al6Lg+qWFdhy/LdRxyHb7ufiP8o=
22,-7,A3vDfexcmYESa10BmzrNHOlmiaU=,LOUodYZkEzgY82Cmimo2kqDOTGk=
22,-18,A3vDfexcmYESa10BmzrNHOlmiaU=,PODBSb0Tft8TZTq1a7zp/M/Uk5Q=
22,-17,A3vDfexcmYESa10BmzrNHOlmiaU=,PODBSb0Tft8TZTq1a7zp/M/Uk5Q=
21,-11,A3vDfexcmYESa10BmzrNHOlmiaU=,zrzPWMaFNBnqsUI4v4ynjd6ggf0=
21,-12,A3vDfexcmYESa10BmzrNHOlmiaU=,JB5P/CGyy9ViBZzYa0/qdHBla/o=
21,-9,A3vDfexcmYESa10BmzrNHOlmiaU=,z7wspk0w5KTAQzBYJqg3pCXTfaM=
21,-10,A3vDfexcmYESa10BmzrNHOlmiaU=,2vVrHzlJPpzSclqnYCb4rWHO7cA=
21,-15,A3vDfexcmYESa10BmzrNHOlmiaU=,mU7zpuOYtIJ/gGd/7juvlay3Afo=
21,-16,A3vDfexcmYESa10BmzrNHOlmiaU=,pPYZOgRfWzHKKId+HuH7rG+TqgA=
21,-13,A3vDfexcmYESa10BmzrNHOlmiaU=,rsYjNOvsOi6z5+D7hfNeVv2g9TM=
21,-14,A3vDfexcmYESa10BmzrNHOlmiaU=,byQDwVWrQIAA8kT0sNL4mcr7rXo=
21,-3,A3vDfexcmYESa10BmzrNHOlmiaU=,p0AuRgXFwkOvejZHptsE3m64Xjw=
21,-4,A3vDfexcmYESa10BmzrNHOlmiaU=,KNtGJnBk8B3SJhDwZ8HuksSaTqo=
21,-1,A3vDfexcmYESa10BmzrNHOlmiaU=,XV1fYB9xR2Zwe11vf4QMGvoW7wA=
21,-2,A3vDfexcmYESa10BmzrNHOlmiaU=,p0AuRgXFwkOvejZHptsE3m64Xjw=
21,-7,A3vDfexcmYESa10BmzrNHOlmiaU=,FKMxSWnbqWtQUUwASGDu5VqFUCo=
21,-8,A3vDfexcmYESa10BmzrNHOlmiaU=,A07RYJ4szNqfrHBuji2PrKSFXDo=
21,-5,A3vDfexcmYESa10BmzrNHOlmiaU=,7rYjpWYkpqrQ7BEoBuh+N8cVCOg=
21,-6,A3vDfexcmYESa10BmzrNHOlmiaU=,6rGAVWZReGKBJ/pAr575Yn6hHyo=
21,-17,A3vDfexcmYESa10BmzrNHOlmiaU=,F4mQwiK2L7++XanZ047OFM6DT0k=
21,-18,A3vDfexcmYESa10BmzrNHOlmiaU=,FXdjViV544DzmE+v7zJxyAzhAYs=
20,-12,A3vDfexcmYESa10BmzrNHOlmiaU=,fKYSjTJdBjkJaAYfZpJCbOXW+yA=
20,-11,A3vDfexcmYESa10BmzrNHOlmiaU=,6C5xjtQ5QfAXnl3xo3x7nPr3wwM=
20,-10,A3vDfexcmYESa10BmzrNHOlmiaU=,0LbzUYnOaRtO2ER2htH+ugVX9vU=
20,-9,A3vDfexcmYESa10BmzrNHOlmiaU=,KzcwPM7niQUy62mYYbGWZYOOF5I=
20,-16,A3vDfexcmYESa10BmzrNHOlmiaU=,g1e0Od0vYV7GRlnstG5VzbrUuHs=
20,-15,A3vDfexcmYESa10BmzrNHOlmiaU=,tUan+XTj6Is9JbmebLNwrMryypM=
20,-14,A3vDfexcmYESa10BmzrNHOlmiaU=,byQDwVWrQIAA8kT0sNL4mcr7rXo=
20,-13,A3vDfexcmYESa10BmzrNHOlmiaU=,yn1tsIWRLP6J2hGXlH2Bhm+vY5g=
20,-4,A3vDfexcmYESa10BmzrNHOlmiaU=,XV1fYB9xR2Zwe11vf4QMGvoW7wA=
20,-3,A3vDfexcmYESa10BmzrNHOlmiaU=,lgMjuBMcPO5mIMqzDQsUbAPHz6s=
20,-2,A3vDfexcmYESa10BmzrNHOlmiaU=,lgMjuBMcPO5mIMqzDQsUbAPHz6s=
20,-1,Z4WsSIwBXvv/rSykkz3xIW2cRJg=,lgMjuBMcPO5mIMqzDQsUbAPHz6s=
20,-8,Z4WsSIwBXvv/rSykkz3xIW2cRJg=,A07RYJ4szNqfrHBuji2PrKSFXDo=
20,-7,Z4WsSIwBXvv/rSykkz3xIW2cRJg=,K5XJPIFc0Yby8kV9599aaCcSpbw=
20,-6,Z4WsSIwBXvv/rSykkz3xIW2cRJg=,MyhlvEb+7xvJ+2QPPLWsw36MzjM=
20,-5,Z4WsSIwBXvv/rSykkz3xIW2cRJg=,K3o7Au1IN9GTdnZV0hGHOyDlN2I=
20,-18,Z4WsSIwBXvv/rSykkz3xIW2cRJg=,s8cp+c5r4wqBMkz0KAh8WCA0irc=
20,-17,Z4WsSIwBXvv/rSykkz3xIW2cRJg=,4kbA+kBfzHguSpmTHxM6lSztjZM=
19,-13,Z4WsSIwBXvv/rSykkz3xIW2cRJg=,yn1tsIWRLP6J2hGXlH2Bhm+vY5g=
19,-14,Z4WsSIwBXvv/rSykkz3xIW2cRJg=,byQDwVWrQIAA8kT0sNL4mcr7rXo=
19,-15,Z4WsSIwBXvv/rSykkz3xIW2cRJg=,d39txsdgZPW4S3c5WRHBb90aUrE=
19,-16,Z4WsSIwBXvv/rSykkz3xIW2cRJg=,SMGneKEnrCxs0DAHTeuJgqyqDsY=
19,-9,Z4WsSIwBXvv/rSykkz3xIW2cRJg=,pCpi9nJaxLDIvLlRpqKdnaaz8HE=
19,-10,Z4WsSIwBXvv/rSykkz3xIW2cRJg=,nKG2/dxbSik8KMERXnv93Y8LEeY=
19,-11,Z4WsSIwBXvv/rSykkz3xIW2cRJg=,fKYSjTJdBjkJaAYfZpJCbOXW+yA=
19,-12,Z4WsSIwBXvv/rSykkz3xIW2cRJg=,fKYSjTJdBjkJaAYfZpJCbOXW+yA=
19,-5,Z4WsSIwBXvv/rSykkz3xIW2cRJg=,BsfBCFH1NbFye9oEb9ZGmdfp0c4=
19,-6,Z4WsSIwBXvv/rSykkz3xIW2cRJg=,8L+ib+vnUg8HdN/Eov4wf19LtEA=
19,-7,Z4WsSIwBXvv/rSykkz3xIW2cRJg=,0kbvTuqmAaa4aPQzX9BoDgB0UyU=
19,-8,Z4WsSIwBXvv/rSykkz3xIW2cRJg=,A07RYJ4szNqfrHBuji2PrKSFXDo=
19,-1,Z4WsSIwBXvv/rSykkz3xIW2cRJg=,r1FiloF1MBGl7Sd6BqznFAQgwjo=
19,-2,Z4WsSIwBXvv/rSykkz3xIW2cRJg=,Qg36EStWr695L2Qal/Q9jxcT4ZM=
19,-3,Z4WsSIwBXvv/rSykkz3xIW2cRJg=,DcvKkFoRz1lXf3CZBFa1ibe6eXs=
19,-4,Z4WsSIwBXvv/rSykkz3xIW2cRJg=,lgMjuBMcPO5mIMqzDQsUbAPHz6s=
19,-17,Z4WsSIwBXvv/rSykkz3xIW2cRJg=,mwiF4xyTpZHXVsrzoAcjqqwUlzE=
19,-18,Z4WsSIwBXvv/rSykkz3xIW2cRJg=,gId3KP0Xj0aa+TCzTenAY3QqWxk=
18,-14,Z4WsSIwBXvv/rSykkz3xIW2cRJg=,wno6MK4H+7/Mx7Wb04nKtjpcByY=
18,-13,Z4WsSIwBXvv/rSykkz3xIW2cRJg=,Qk9qVMR5q4jsGehKqgy5dqlZu9I=
18,-16,Z4WsSIwBXvv/rSykkz3xIW2cRJg=,qCuu0FWPHvxma3h7YUtvKlA4j6A=
18,-15,Z4WsSIwBXvv/rSykkz3xIW2cRJg=,ijUKM+8z3HqR1J/c5MQZmLPuoCQ=
18,-10,Z4WsSIwBXvv/rSykkz3xIW2cRJg=,Jfcta5F6ihRHACL4kMaagHw2DJ8=
18,-9,Z4WsSIwBXvv/rSykkz3xIW2cRJg=,lwyvDogLEF5BWlk3D2TE6ufC1vk=
18,-12,Z4WsSIwBXvv/rSykkz3xIW2cRJg=,PnWAKQBa+YNGJb4rKEDcAYjNvwQ=
18,-11,Z4WsSIwBXvv/rSykkz3xIW2cRJg=,h8DetDp6zPIowzXuFFLSvS01d6U=
18,-6,Z4WsSIwBXvv/rSykkz3xIW2cRJg=,aQA+zawyB7bGSmB2IXgIgy3U+2I=
18,-5,Z4WsSIwBXvv/rSykkz3xIW2cRJg=,c2+gr2/y5yRJbf2F0Gx53joDIXQ=
18,-8,Z4WsSIwBXvv/rSykkz3xIW2cRJg=,ZAZP403FVUvi4h3RG/zY96uMxJI=
18,-7,Z4WsSIwBXvv/rSykkz3xIW2cRJg=,CmffPy91n4ZKXkwUqECtK6BegXg=
18,-2,Z4WsSIwBXvv/rSykkz3xIW2cRJg=,GzgpfeFz9/aEfcCzA16NfgNEaWc=
18,-1,Z4WsSIwBXvv/rSykkz3xIW2cRJg=,s36biO8BpjT1wgrsDyEV+3bDdUQ=
18,-4,Z4WsSIwBXvv/rSykkz3xIW2cRJg=,PTc0bKgALXTg9rpNv/xJ0Ew9bGs=
18,-3,Z4WsSIwBXvv/rSykkz3xIW2cRJg=,Yrbrf6UQ3sQodoXuugvhliLu2Ao=
18,-18,Z4WsSIwBXvv/rSykkz3xIW2cRJg=,soODTwnhcoCNyvvxRW5TtpBJLTk=
18,-17,Z4WsSIwBXvv/rSykkz3xIW2cRJg=,AfUR1EPQl1Yeq+6UVmeeZepobag=
17,-15,Z4WsSIwBXvv/rSykkz3xIW2cRJg=,zfxH3PuRh1Aw3erMCTtJRQFtrJo=
17,-16,Z4WsSIwBXvv/rSykkz3xIW2cRJg=,S/bas/hTXxtkZpVO4kNk8g2n8sk=
17,-13,Z4WsSIwBXvv/rSykkz3xIW2cRJg=,kvH2eRqM6vpoqHenMERKVfCOD2Y=
17,-14,Z4WsSIwBXvv/rSykkz3xIW2cRJg=,zfxH3PuRh1Aw3erMCTtJRQFtrJo=
17,-11,Z4WsSIwBXvv/rSykkz3xIW2cRJg=,hQBw23tIM2Kwoey2NhTFW3hpGjQ=
17,-12,Z4WsSIwBXvv/rSykkz3xIW2cRJg=,ZNnmh0NbheTlHOsAnNIdwNxngD4=
17,-9,Z4WsSIwBXvv/rSykkz3xIW2cRJg=,lwyvDogLEF5BWlk3D2TE6ufC1vk=
17,-10,Z4WsSIwBXvv/rSykkz3xIW2cRJg=,dELn3/C/LFq3rdwUQlGYCqFNzYQ=
17,-7,Z4WsSIwBXvv/rSykkz3xIW2cRJg=,TUodsMENbnP//K5TPEZdKAlEkz0=
17,-8,Z4WsSIwBXvv/rSykkz3xIW2cRJg=,TUodsMENbnP//K5TPEZdKAlEkz0=
17,-5,Z4WsSIwBXvv/rSykkz3xIW2cRJg=,yF36cwa5iiej7yg9j3T7aAMshpU=
17,-6,Z4WsSIwBXvv/rSykkz3xIW2cRJg=,xnh48R3wH4wTiuKMJBsMGTl2bDU=
17,-3,Z4WsSIwBXvv/rSykkz3xIW2cRJg=,yKOyVcvs8YjTHXpHPm931xjFxbo=
17,-4,Z4WsSIwBXvv/rSykkz3xIW2cRJg=,WRrUTMHusydKrRHpGNBFQw6vw3g=
17,-1,Z4WsSIwBXvv/rSykkz3xIW2cRJg=,6hqhZvsTQtsNKrzQPA5mFvQ/Te8=
17,-2,Z4WsSIwBXvv/rSykkz3xIW2cRJg=,NAnQgoXpIRorA9yRJMGPEACvzI0=
17,-17,Z4WsSIwBXvv/rSykkz3xIW2cRJg=,/o3om2t6aGJPOZTJM1XbC/scIIg=
17,-18,Z4WsSIwBXvv/rSykkz3xIW2cRJg=,oXZ4KhjLG6a4rxf/tjV0k6h6atw=
16,-16,Z4WsSIwBXvv/rSykkz3xIW2cRJg=,JPCLIe8Y4ANIgD5Fk6zKkLq/chg=
16,-15,Z4WsSIwBXvv/rSykkz3xIW2cRJg=,lAOuCd+QRgGfcu65bTFdYfSFdDQ=
16,-14,Z4WsSIwBXvv/rSykkz3xIW2cRJg=,JPCLIe8Y4ANIgD5Fk6zKkLq/chg=
16,-13,Z4WsSIwBXvv/rSykkz3xIW2cRJg=,YY3bx3qzYCcI6nAET7E9JTnMr/8=
16,-12,Z4WsSIwBXvv/rSykkz3xIW2cRJg=,Wi4Cv7c6RQaSf5GZLQCsU5XNpAo=
16,-11,Z4WsSIwBXvv/rSykkz3xIW2cRJg=,UAdnlwo32ag9vK8qBQ8nAeW5g4o=
16,-10,Z4WsSIwBXvv/rSykkz3xIW2cRJg=,0H3SZ3VHk69Xid4uOO8kQ34sHjc=
16,-9,Z4WsSIwBXvv/rSykkz3xIW2cRJg=,c53Ybd1RgGDVTyEwTF0EPW2jARg=
16,-8,Z4WsSIwBXvv/rSykkz3xIW2cRJg=,TUodsMENbnP//K5TPEZdKAlEkz0=
16,-7,Z4WsSIwBXvv/rSykkz3xIW2cRJg=,TUodsMENbnP//K5TPEZdKAlEkz0=
16,-6,Z4WsSIwBXvv/rSykkz3xIW2cRJg=,5P/elijFC+RJRH/N42MBBj5rp7o=
16,-5,Z4WsSIwBXvv/rSykkz3xIW2cRJg=,VjB96TAXifj4VJSo+CMjZYRRs44=
16,-4,Z4WsSIwBXvv/rSykkz3xIW2cRJg=,p8OTlWuXzptkRCSLV1J32FCFrEc=
16,-3,Z4WsSIwBXvv/rSykkz3xIW2cRJg=,o3plB1W9jmcJV8Py/cfJEQZvIhI=
16,-2,Z4WsSIwBXvv/rSykkz3xIW2cRJg=,EqyfJ0QElsquH/AC3HyhLUDg6ow=
16,-1,Z4WsSIwBXvv/rSykkz3xIW2cRJg=,K+XcFNujwvf0MxsGvQ620LZ236o=
16,-18,Z4WsSIwBXvv/rSykkz3xIW2cRJg=,ZNnyvRjJuwtaOzCYrM8WsHzVLkg=
16,-17,Z4WsSIwBXvv/rSykkz3xIW2cRJg=,vRukhKAHCobpbynhDGhU68udQH4=
15,-17,Z4WsSIwBXvv/rSykkz3xIW2cRJg=,AVrS0JIEBZdf5wjc0NbT5KFUD5I=
15,-18,Z4WsSIwBXvv/rSykkz3xIW2cRJg=,AVrS0JIEBZdf5wjc0NbT5KFUD5I=
15,-1,Z4WsSIwBXvv/rSykkz3xIW2cRJg=,htGolkJXhrAG8PooWflHQPqxqbQ=
15,-2,Z4WsSIwBXvv/rSykkz3xIW2cRJg=,QcJF/qFgyCJ2JCF9u+NG0QLaDWw=
15,-3,Z4WsSIwBXvv/rSykkz3xIW2cRJg=,CmpSzZgwJr3RzN0iMDRpoERXlPk=
15,-4,zRa7mt74PPHnOWBcX/zZHAwdwxg=,4kUvUga0WNRda5+xoUcSbjStjEU=
15,-5,zRa7mt74PPHnOWBcX/zZHAwdwxg=,TdFJI+6XnhSMq7DA74gwVcf3iwM=
15,-6,zRa7mt74PPHnOWBcX/zZHAwdwxg=,TdFJI+6XnhSMq7DA74gwVcf3iwM=
15,-7,zRa7mt74PPHnOWBcX/zZHAwdwxg=,TdFJI+6XnhSMq7DA74gwVcf3iwM=
15,-8,zRa7mt74PPHnOWBcX/zZHAwdwxg=,9FJEOfYee7/tfCOVcq+kaScbp9M=
15,-9,zRa7mt74PPHnOWBcX/zZHAwdwxg=,eFxWeDBUNl3wqIuDRyRsfdBLKxM=
15,-10,zRa7mt74PPHnOWBcX/zZHAwdwxg=,zbEn3k8/+0ifwpvyFxmyF/V+pso=
15,-11,zRa7mt74PPHnOWBcX/zZHAwdwxg=,xtA/OkWtLXpxG940nGN9m3E6JKQ=
15,-12,zRa7mt74PPHnOWBcX/zZHAwdwxg=,xtA/OkWtLXpxG940nGN9m3E6JKQ=
15,-13,zRa7mt74PPHnOWBcX/zZHAwdwxg=,zSu+5zV9selPPnH+o7yw3iebfIk=
15,-14,zRa7mt74PPHnOWBcX/zZHAwdwxg=,8TjW4lYBO75VNsbV4vEZJiDG65E=
15,-15,zRa7mt74PPHnOWBcX/zZHAwdwxg=,PuwbGFAi6XRzgaVeWhAXlUJSPrc=
15,-16,zRa7mt74PPHnOWBcX/zZHAwdwxg=,H1l4O3OMUPg1L0vqLx88yG5BAW4=
14,-18,zRa7mt74PPHnOWBcX/zZHAwdwxg=,AVrS0JIEBZdf5wjc0NbT5KFUD5I=
14,-17,zRa7mt74PPHnOWBcX/zZHAwdwxg=,WNsLpF+Mmtveqq8J/bsrV+/yF48=
14,-2,zRa7mt74PPHnOWBcX/zZHAwdwxg=,bFxjdb976KZ5nydAG09KKzEJ/HM=
14,-1,zRa7mt74PPHnOWBcX/zZHAwdwxg=,fykcfsf0rZLN8WF0Pow7Pksj2s0=
14,-4,zRa7mt74PPHnOWBcX/zZHAwdwxg=,5ACQmKCrHXIY//ywwv2IOLN2ZzM=
14,-3,zRa7mt74PPHnOWBcX/zZHAwdwxg=,HPK3XWovCOMw90ltGSnu5fm0GqA=
14,-6,zRa7mt74PPHnOWBcX/zZHAwdwxg=,UtdSn/ENUKek2enWI2mpZeDgCsY=
14,-5,zRa7mt74PPHnOWBcX/zZHAwdwxg=,Uu3SB0fgX2VHpLGWvhLrK3VWJ2g=
14,-8,zRa7mt74PPHnOWBcX/zZHAwdwxg=,2sby62e7PMlLJIQLEhCshj+4Yvk=
14,-7,zRa7mt74PPHnOWBcX/zZHAwdwxg=,NINrX97BgujcVWhbBuDCiFDdsl8=
14,-10,zRa7mt74PPHnOWBcX/zZHAwdwxg=,HSMNSxryjB00hznPT39HiBwBhKo=
14,-9,zRa7mt74PPHnOWBcX/zZHAwdwxg=,OlG3ibrAfkFrZcVWZU7/d3v+tvI=
14,-12,zRa7mt74PPHnOWBcX/zZHAwdwxg=,iCaB2L86r7/5mwVMgSGk7gtgpCE=
14,-11,zRa7mt74PPHnOWBcX/zZHAwdwxg=,P8rQhAcemK282diQW6x0I6LgKoo=
14,-14,zRa7mt74PPHnOWBcX/zZHAwdwxg=,fFitvYmYaVCcaRs1cBL2t8Wvw8k=
14,-13,zRa7mt74PPHnOWBcX/zZHAwdwxg=,M7PvKb2dnhCDKK2acV1LbHp9tag=
14,-16,zRa7mt74PPHnOWBcX/zZHAwdwxg=,H1l4O3OMUPg1L0vqLx88yG5BAW4=
14,-15,zRa7mt74PPHnOWBcX/zZHAwdwxg=,YejTU7W5bPqiID7BGamyY4X1sXs=
13,-17,zRa7mt74PPHnOWBcX/zZHAwdwxg=,Q78kgyZq1++Vj1U7JhW/PT5y+0U=
13,-18,zRa7mt74PPHnOWBcX/zZHAwdwxg=,ZbvNVnt4EtAGejpu6fQnPGZM1qg=
13,-3,zRa7mt74PPHnOWBcX/zZHAwdwxg=,/jRo1vPYVmcUGXdyr+3Ee80Wq3A=
13,-4,zRa7mt74PPHnOWBcX/zZHAwdwxg=,JZXqFzfxJrKNPUnxD3X7HKV/5FQ=
13,-1,zRa7mt74PPHnOWBcX/zZHAwdwxg=,UwMPetaa1Tjq20dElcoEepU2wu8=
13,-2,zRa7mt74PPHnOWBcX/zZHAwdwxg=,dKvxyfwJk9ENRDocbGTUW9F5d1s=
13,-7,zRa7mt74PPHnOWBcX/zZHAwdwxg=,xL7dK+OWhKWr7lQ6sBBdoAyDoSs=
13,-8,zRa7mt74PPHnOWBcX/zZHAwdwxg=,Bwp+CtqtMbNyZHDIY7pchDBNJ68=
13,-5,zRa7mt74PPHnOWBcX/zZHAwdwxg=,tAhzsRrJe43If1XR5NgaL2/gUYk=
13,-6,zRa7mt74PPHnOWBcX/zZHAwdwxg=,j6EdIGZKMloPKyxF6rGsNgTBzWw=
13,-11,zRa7mt74PPHnOWBcX/zZHAwdwxg=,Yk2E2nNHVAMSlnzUyYZmH/b3qKc=
13,-12,zRa7mt74PPHnOWBcX/zZHAwdwxg=,GnQiHCVVyWBoVkKDpH8r+jV05Vs=
13,-9,zRa7mt74PPHnOWBcX/zZHAwdwxg=,OlG3ibrAfkFrZcVWZU7/d3v+tvI=
13,-10,zRa7mt74PPHnOWBcX/zZHAwdwxg=,SZrpkGQ5laD2IzTDt31Hi2meR88=
13,-15,zRa7mt74PPHnOWBcX/zZHAwdwxg=,H1l4O3OMUPg1L0vqLx88yG5BAW4=
13,-16,zRa7mt74PPHnOWBcX/zZHAwdwxg=,H1l4O3OMUPg1L0vqLx88yG5BAW4=
13,-13,zRa7mt74PPHnOWBcX/zZHAwdwxg=,R69lTqqYwzITsq/jGT5w5yCQkvs=
13,-14,zRa7mt74PPHnOWBcX/zZHAwdwxg=,6253bymur3MBLAuWZ14JnSeVKno=
12,-18,zRa7mt74PPHnOWBcX/zZHAwdwxg=,xUAkDKXNgpWgYnr+8x+jOI3lTUQ=
12,-17,zRa7mt74PPHnOWBcX/zZHAwdwxg=,HTqxb9UM5jJHJ9iEG60g9q9ZGgA=
12,-4,zRa7mt74PPHnOWBcX/zZHAwdwxg=,f5V6Am0BZmdbUM+T4Fic5OG3Zhc=
12,-3,zRa7mt74PPHnOWBcX/zZHAwdwxg=,YVb4g2adykXVTACaiaEQrT5Q/Gc=
12,-2,zRa7mt74PPHnOWBcX/zZHAwdwxg=,x9Pu3CvHtTkmNPbHuSFB8a4Fr1E=
12,-1,zRa7mt74PPHnOWBcX/zZHAwdwxg=,+M3QQkwxSvZV/eGD0hnoj6EvyJg=
12,-8,zRa7mt74PPHnOWBcX/zZHAwdwxg=,i7bkQUFc7kJQqNtlfaOhtJhcsQg=
12,-7,zRa7mt74PPHnOWBcX/zZHAwdwxg=,AxNXrMCAgblJMpXjWngj4Wmr3jc=
12,-6,zRa7mt74PPHnOWBcX/zZHAwdwxg=,y5du/y50dwWWWG1b0ERa0eC0mYI=
12,-5,zRa7mt74PPHnOWBcX/zZHAwdwxg=,PjDz+EWi9XX9fuo5XXoXeFwZOGs=
12,-12,zRa7mt74PPHnOWBcX/zZHAwdwxg=,Od9fX7Rh9PndD59idDIVSmCLyJQ=
12,-11,zRa7mt74PPHnOWBcX/zZHAwdwxg=,kmFuxsMRKkqD80SG/7qc6z2q2H0=
12,-10,zRa7mt74PPHnOWBcX/zZHAwdwxg=,ogroWXtjYled6HLB3PxbT6sb4xA=
12,-9,zRa7mt74PPHnOWBcX/zZHAwdwxg=,PSjxn/xk0t9c8C/mzqAoz9CAodc=
12,-16,zRa7mt74PPHnOWBcX/zZHAwdwxg=,IBO+2xcxj0bCKyWe86GARlYKVR4=
12,-15,zRa7mt74PPHnOWBcX/zZHAwdwxg=,8wqjxMd91yUKg+CknUTN43gY57o=
12,-14,zRa7mt74PPHnOWBcX/zZHAwdwxg=,7GE/7h109TNs6nsbOhI20XQdqgc=
12,-13,zRa7mt74PPHnOWBcX/zZHAwdwxg=,DGYqWqt2qwSHWW0eqghohMHJ+Hs=
11,-17,zRa7mt74PPHnOWBcX/zZHAwdwxg=,fgyyL80BXhGGoUpRXujAfdPkO/s=
11,-18,zRa7mt74PPHnOWBcX/zZHAwdwxg=,fgyyL80BXhGGoUpRXujAfdPkO/s=
11,-5,zRa7mt74PPHnOWBcX/zZHAwdwxg=,SzYf+IcPrj0CxFFyadJwmNoziV4=
11,-6,zRa7mt74PPHnOWBcX/zZHAwdwxg=,IRE64+5rNEePGBdD5hjmzNhwpRI=
11,-7,zRa7mt74PPHnOWBcX/zZHAwdwxg=,8MAZRiCE/iVpx9mXyna/ioTueR0=
11,-8,zRa7mt74PPHnOWBcX/zZHAwdwxg=,4OMDrUoSL0mPOxNh7UFdL/jE3pg=
11,-1,zRa7mt74PPHnOWBcX/zZHAwdwxg=,FSWAh3MoRWRkWba1rk9rQ7tKi80=
11,-2,zRa7mt74PPHnOWBcX/zZHAwdwxg=,ooVdOUw21GouKigX1hcAF1hH+Dw=
11,-3,zRa7mt74PPHnOWBcX/zZHAwdwxg=,44vv3rZf78OuuqLdN2dR5i6QhVY=
11,-4,YoOSFpslKBOXbRog6SAUmk52CTQ=,Wh+/Na7QjqRfFkW7rSYHpcR+QGg=
11,-13,YoOSFpslKBOXbRog6SAUmk52CTQ=,BSOMOOcsRvjGfXa6d/TtLX5TGK0=
11,-14,YoOSFpslKBOXbRog6SAUmk52CTQ=,UPYJJyp3bKHzC9eb+YoNwGFUIrQ=
11,-15,YoOSFpslKBOXbRog6SAUmk52CTQ=,+RCM96gw4FnnqmtlxjNgE3TXgkQ=
11,-16,YoOSFpslKBOXbRog6SAUmk52CTQ=,3AmS2JsddByT66Da9UOzwrZy9sE=
11,-9,YoOSFpslKBOXbRog6SAUmk52CTQ=,B/Ko2wA/VTYBzw6+nzlB9H0sOCU=
11,-10,YoOSFpslKBOXbRog6SAUmk52CTQ=,xk7zCrOycivSw5fVn911djbL4UM=
11,-11,YoOSFpslKBOXbRog6SAUmk52CTQ=,kf7ijmgvVRLLj3zfpehh2ctp/tk=
11,-12,YoOSFpslKBOXbRog6SAUmk52CTQ=,YsLAl1hN3FqbP4yc2nxLgJzRQno=
10,-18,YoOSFpslKBOXbRog6SAUmk52CTQ=,fgyyL80BXhGGoUpRXujAfdPkO/s=
10,-17,YoOSFpslKBOXbRog6SAUmk52CTQ=,fgyyL80BXhGGoUpRXujAfdPkO/s=
10,-6,YoOSFpslKBOXbRog6SAUmk52CTQ=,IRE64+5rNEePGBdD5hjmzNhwpRI=
10,-5,YoOSFpslKBOXbRog6SAUmk52CTQ=,Dy80WXLi0AWYFCdD/xjrnSy1eo0=
10,-8,YoOSFpslKBOXbRog6SAUmk52CTQ=,iQiKSYQ8RPA6aOh5xx3vDwPWYm4=
10,-7,YoOSFpslKBOXbRog6SAUmk52CTQ=,0impbyMz77YRCOCNFUZ4weJjzew=
10,-2,YoOSFpslKBOXbRog6SAUmk52CTQ=,f6ryknCjVbvSqlTksO/4cfR/tc8=
10,-1,YoOSFpslKBOXbRog6SAUmk52CTQ=,R+bTmHUhk1Uy+6CH58xl3RHsXgE=
10,-4,YoOSFpslKBOXbRog6SAUmk52CTQ=,yIIg6R/YINRpnWvjotmxyKPJF5Q=
10,-3,YoOSFpslKBOXbRog6SAUmk52CTQ=,KpmcIgCztG4Z/vrdlvUx35p+JoM=
10,-14,YoOSFpslKBOXbRog6SAUmk52CTQ=,Mx2P71DLXhhUu/KjOBF8dWCKIDo=
10,-13,YoOSFpslKBOXbRog6SAUmk52CTQ=,418r1S57vTzOEKKIzUdiWaQIMi0=
10,-16,YoOSFpslKBOXbRog6SAUmk52CTQ=,GECxVn2y+KbvSslw2GplAqlHSLA=
10,-15,YoOSFpslKBOXbRog6SAUmk52CTQ=,WwBvn/LMpYjh3oqTu6GIMA7glTg=
10,-10,YoOSFpslKBOXbRog6SAUmk52CTQ=,GLzWK3XeVw/5EiZGKD1LAxv4oTs=
10,-9,YoOSFpslKBOXbRog6SAUmk52CTQ=,JBEPFOf+n8foov+jkVEgjkC4ufk=
10,-12,YoOSFpslKBOXbRog6SAUmk52CTQ=,YsLAl1hN3FqbP4yc2nxLgJzRQno=
10,-11,YoOSFpslKBOXbRog6SAUmk52CTQ=,YsLAl1hN3FqbP4yc2nxLgJzRQno=
9,-17,YoOSFpslKBOXbRog6SAUmk52CTQ=,wmapoF79YQBTW9w7FTy7qHh/fI0=
9,-18,YoOSFpslKBOXbRog6SAUmk52CTQ=,PXJGnyEHQf+DRz2Jo88S+rZkwyY=
9,-7,YoOSFpslKBOXbRog6SAUmk52CTQ=,Z08N95eC4NxhKQP1RddS057WI+k=
9,-8,YoOSFpslKBOXbRog6SAUmk52CTQ=,xFiiaBDoWNKnx4xzKP9CpJmHzcg=
9,-5,YoOSFpslKBOXbRog6SAUmk52CTQ=,eAOrzX1x0dnoQTYS+j3LCWTt9PU=
9,-6,YoOSFpslKBOXbRog6SAUmk52CTQ=,IRE64+5rNEePGBdD5hjmzNhwpRI=
9,-3,YoOSFpslKBOXbRog6SAUmk52CTQ=,wRJlbdjPNz2IMWHreL3NBOLV9WY=
9,-4,YoOSFpslKBOXbRog6SAUmk52CTQ=,YGXrl1uVpNqx4vgAZ6uDFKTOfsw=
9,-1,YoOSFpslKBOXbRog6SAUmk52CTQ=,JTqNkwtRABAipxTWwP5R5DFEyMo=
9,-2,YoOSFpslKBOXbRog6SAUmk52CTQ=,VhbDb3e6XMrxVCCk1FraSVdrLaQ=
9,-15,YoOSFpslKBOXbRog6SAUmk52CTQ=,MkP7xmAb6/4v7hWKZ2s8Sioy9tI=
9,-16,YoOSFpslKBOXbRog6SAUmk52CTQ=,DaETFRohacQ4yrgVvOzbInIbQNQ=
9,-13,YoOSFpslKBOXbRog6SAUmk52CTQ=,C1qbhH94tS5Pir05VcwRZLEJNxM=
9,-14,YoOSFpslKBOXbRog6SAUmk52CTQ=,rZmCa4zUmEWxgFVIQ5/c5dUzfxc=
9,-11,YoOSFpslKBOXbRog6SAUmk52CTQ=,LrVLfS+CbGVPwvN+eSOqS1wZRCI=
9,-12,YoOSFpslKBOXbRog6SAUmk52CTQ=,LrVLfS+CbGVPwvN+eSOqS1wZRCI=
9,-9,YoOSFpslKBOXbRog6SAUmk52CTQ=,5/AkhBm9svwGk9yB3UfU9FEq6Aw=
9,-10,YoOSFpslKBOXbRog6SAUmk52CTQ=,bMvvL791Y8Y+aAez4cq46ZW9c6U=
8,-18,YoOSFpslKBOXbRog6SAUmk52CTQ=,tse/3pNNz+AfJdxYQAhdiLhVTqQ=
8,-17,YoOSFpslKBOXbRog6SAUmk52CTQ=,2XaZDxet8f85exBL/7kPzjJnLFQ=
8,-8,YoOSFpslKBOXbRog6SAUmk52CTQ=,IRE64+5rNEePGBdD5hjmzNhwpRI=
8,-7,YoOSFpslKBOXbRog6SAUmk52CTQ=,IRE64+5rNEePGBdD5hjmzNhwpRI=
8,-6,YoOSFpslKBOXbRog6SAUmk52CTQ=,IRE64+5rNEePGBdD5hjmzNhwpRI=
8,-5,YoOSFpslKBOXbRog6SAUmk52CTQ=,IRE64+5rNEePGBdD5hjmzNhwpRI=
8,-4,YoOSFpslKBOXbRog6SAUmk52CTQ=,XIltwFMfoQINvfMBB8QncpQWPJY=
8,-3,YoOSFpslKBOXbRog6SAUmk52CTQ=,kv4elEJ0pQkxl+rvo/33ctGBkaQ=
8,-2,YoOSFpslKBOXbRog6SAUmk52CTQ=,AGzz49yky5refyAHdJjOtMBvGtA=
8,-1,YoOSFpslKBOXbRog6SAUmk52CTQ=,f5V6Am0BZmdbUM+T4Fic5OG3Zhc=
8,-16,YoOSFpslKBOXbRog6SAUmk52CTQ=,botjJb84dsjtgxUJNabwTf7tGN4=
8,-15,YoOSFpslKBOXbRog6SAUmk52CTQ=,NwBY5Nz4ENNnMp5WX0YCE74f6NA=
8,-14,YoOSFpslKBOXbRog6SAUmk52CTQ=,YP/zX3Ei/+m/09fhff2HyiTH814=
8,-13,YoOSFpslKBOXbRog6SAUmk52CTQ=,YP/zX3Ei/+m/09fhff2HyiTH814=
8,-12,YoOSFpslKBOXbRog6SAUmk52CTQ=,YP/zX3Ei/+m/09fhff2HyiTH814=
8,-11,YoOSFpslKBOXbRog6SAUmk52CTQ=,YP/zX3Ei/+m/09fhff2HyiTH814=
8,-10,YoOSFpslKBOXbRog6SAUmk52CTQ=,FmBFcIalDlsWjF3Dofof2yKExdU=
8,-9,YoOSFpslKBOXbRog6SAUmk52CTQ=,lOT00mRp+QAHALSH5ptuj/GHG5w=
7,-17,YoOSFpslKBOXbRog6SAUmk52CTQ=,rNfwYz/rSwyLZkgzCu7Izotp4Ug=
7,-18,YoOSFpslKBOXbRog6SAUmk52CTQ=,KLkndQW4qBt+ZyO+dEVD0Df88bQ=
7,-9,YoOSFpslKBOXbRog6SAUmk52CTQ=,zc4onpkH90qU0TG/WwFGXFN1FxI=
7,-10,YoOSFpslKBOXbRog6SAUmk52CTQ=,C8UVTq1zRoDktaHmEsQGFcXAbvo=
7,-11,YoOSFpslKBOXbRog6SAUmk52CTQ=,7lXNGXkQbOdGhsOIzYmReuCOMJY=
7,-12,YoOSFpslKBOXbRog6SAUmk52CTQ=,u7GFHIykahzFk9UKCoto3u7Ln24=
7,-13,YoOSFpslKBOXbRog6SAUmk52CTQ=,u7GFHIykahzFk9UKCoto3u7Ln24=
7,-14,YoOSFpslKBOXbRog6SAUmk52CTQ=,FbB1dPzLh34SQwHfWBa/rctMO00=
7,-15,YoOSFpslKBOXbRog6SAUmk52CTQ=,4JCd9IwjItn20KwC2DdGZuzOwNg=
7,-16,YoOSFpslKBOXbRog6SAUmk52CTQ=,kh0LMdXHimSNvzGqyLDBkT14SQ8=
7,-1,YoOSFpslKBOXbRog6SAUmk52CTQ=,vU5yIYr3sjgb+thkieugiLihm8w=
7,-2,YoOSFpslKBOXbRog6SAUmk52CTQ=,Me0jZ1nD33K5Fn3wK15WYzbd1CE=
7,-3,YoOSFpslKBOXbRog6SAUmk52CTQ=,2G01ojEq9Ztl7i38g7/kQ9TSsHM=
7,-4,YoOSFpslKBOXbRog6SAUmk52CTQ=,PTG3ovW8J4X/utX1DaABNmjDt1c=
7,-5,YoOSFpslKBOXbRog6SAUmk52CTQ=,th0BkmBnLMAs0rxyQCF70/YlcF8=
7,-6,YoOSFpslKBOXbRog6SAUmk52CTQ=,Wsv1rmGYhiFCzqpBO7+9Pz7jsf4=
7,-7,YoOSFpslKBOXbRog6SAUmk52CTQ=,I/5DsrdbX6CGgsbcbOtHdkqMXBk=
7,-8,YoOSFpslKBOXbRog6SAUmk52CTQ=,BdMy61VyCIx4wV0uZ6mIcRFrT8Q=
6,-18,YoOSFpslKBOXbRog6SAUmk52CTQ=,MT4PiFEf4eqGw4cpXXalwQWSOUk=
6,-17,+3kMTsuFFLgKKwvzNTJf929qCbg=,gyg3G/jxwnVDEO8Zfxq9ovitcOM=
6,-10,+3kMTsuFFLgKKwvzNTJf929qCbg=,dCGBQEkTvLvtqKtvPBnEW0vLh38=
6,-9,+3kMTsuFFLgKKwvzNTJf929qCbg=,CGq4Fgn7EDRtnujF8XYSzRlrL9g=
6,-12,+3kMTsuFFLgKKwvzNTJf929qCbg=,dp6Zo5GgF20Cht9xQn8pi88XF7Y=
6,-11,+3kMTsuFFLgKKwvzNTJf929qCbg=,HD6UIX4FWyinwC3N7g4H11+kQjM=
6,-14,+3kMTsuFFLgKKwvzNTJf929qCbg=,gb8JWDwkHc7iOUgILii8Ikp0tX8=
6,-13,+3kMTsuFFLgKKwvzNTJf929qCbg=,KsBGcRbJkR1ZMFgGVS1jSjtPvxU=
6,-16,+3kMTsuFFLgKKwvzNTJf929qCbg=,bpKWZi8turDkwuFL5TLiVO1z2YM=
6,-15,+3kMTsuFFLgKKwvzNTJf929qCbg=,Rj9V+GlDHf8tqYXC5LqkJH7KvZU=
6,-2,+3kMTsuFFLgKKwvzNTJf929qCbg=,11uSSEdXrhSRsRku62COWdRK60g=
6,-1,+3kMTsuFFLgKKwvzNTJf929qCbg=,ZUwdU9Onkm/lQ2RATMpb6aeFvOQ=
6,-4,+3kMTsuFFLgKKwvzNTJf929qCbg=,jCdL6hwkt7aP7l/ufAJAHlV/fYc=
6,-3,+3kMTsuFFLgKKwvzNTJf929qCbg=,MxL78CcXCaZwr89L5YM9vaJFR88=
6,-6,+3kMTsuFFLgKKwvzNTJf929qCbg=,Vi9Oj9MfUIpAidSoP6XlROZ/Ro4=
6,-5,+3kMTsuFFLgKKwvzNTJf929qCbg=,RkYp/hSYnpOJkF4pQ1sS+IwinxE=
6,-8,+3kMTsuFFLgKKwvzNTJf929qCbg=,q9071i/ZM9sxutX1Lg2zctm6ML0=
6,-7,+3kMTsuFFLgKKwvzNTJf929qCbg=,EFvuRmJDO8SfQbiR7RR5nL1rTaM=
5,-17,+3kMTsuFFLgKKwvzNTJf929qCbg=,lspNsuiRrF/8rRG61d52unXe30k=
5,-18,+3kMTsuFFLgKKwvzNTJf929qCbg=,hndIG5qCQnrPVN/WOGwyIgdpBNw=
5,-11,+3kMTsuFFLgKKwvzNTJf929qCbg=,GHtzqz44acdAkVM5DigWmQDdo2U=
5,-12,+3kMTsuFFLgKKwvzNTJf929qCbg=,13A2K3E/8X2TDgMMXK6SuZ1Tdsk=
5,-9,+3kMTsuFFLgKKwvzNTJf929qCbg=,AObSYS6zsl9SjZVLI027f0XrvOs=
5,-10,+3kMTsuFFLgKKwvzNTJf929qCbg=,W5+39VhILpG3rRHEDyUjm2tFmqo=
5,-15,+3kMTsuFFLgKKwvzNTJf929qCbg=,Nt//IKT1lLALpDHDhuyuMD3kLOw=
5,-16,+3kMTsuFFLgKKwvzNTJf929qCbg=,A4NZz7bD/ZkPuu19t1oCm1u7r0U=
5,-13,+3kMTsuFFLgKKwvzNTJf929qCbg=,PzTWurKykQUv4bPZRnjFuiSh6Jg=
5,-14,+3kMTsuFFLgKKwvzNTJf929qCbg=,kWH3inQrYGeBdbx+nFk/kY5BL28=
5,-3,+3kMTsuFFLgKKwvzNTJf929qCbg=,4VSAqQ9FAMKlLDZ2vTeAD9GLGbo=
5,-4,+3kMTsuFFLgKKwvzNTJf929qCbg=,pXdcxCyTLX+VpRQJ5QVYhrqgNWw=
5,-1,+3kMTsuFFLgKKwvzNTJf929qCbg=,+0QME8RwfvtkqBr/TPNcpsT6/LE=
5,-2,+3kMTsuFFLgKKwvzNTJf929qCbg=,olFJh8E0a2dvDkWxDyIw7gf8rig=
5,-7,+3kMTsuFFLgKKwvzNTJf929qCbg=,6HuMxsxCZ09WVAgQu6Sqb31LuDY=
5,-8,+3kMTsuFFLgKKwvzNTJf929qCbg=,VHZbR8bZjt9N56GZqpo03ZpDkkc=
5,-5,+3kMTsuFFLgKKwvzNTJf929qCbg=,2d7HCTuJkCDowvJbi2yKhX1vkng=
5,-6,+3kMTsuFFLgKKwvzNTJf929qCbg=,fb5WDwOzdr/ONvQWBAwXA8Cjb78=
4,-18,+3kMTsuFFLgKKwvzNTJf929qCbg=,Vd1bu1kisO2Cn5YCzzQRZl2FI/8=
4,-17,+3kMTsuFFLgKKwvzNTJf929qCbg=,V0+AOZP9WE77Nx/XfVEaJuZyDo0=
4,-12,+3kMTsuFFLgKKwvzNTJf929qCbg=,5dgzGrACztWBuhZP4vCdK9CGEoo=
4,-11,+3kMTsuFFLgKKwvzNTJf929qCbg=,GHtzqz44acdAkVM5DigWmQDdo2U=
4,-10,+3kMTsuFFLgKKwvzNTJf929qCbg=,alre7/sFXpbszmPKUhcbqGnTyCI=
4,-9,+3kMTsuFFLgKKwvzNTJf929qCbg=,DGVPLJCb7Ave5ziWyk7OX21AUhg=
4,-16,+3kMTsuFFLgKKwvzNTJf929qCbg=,F7kTPuJzDZ9dlWA75+22k+pt8KU=
4,-15,+3kMTsuFFLgKKwvzNTJf929qCbg=,vyoD+nnjbjgGN84CkxkhgiDvSdQ=
4,-14,+3kMTsuFFLgKKwvzNTJf929qCbg=,VSbkEkiKz1/e95m+nW9lMupHJok=
4,-13,+3kMTsuFFLgKKwvzNTJf929qCbg=,EHOA/tvtsvkmYrUW6IMu1XrRoyw=
4,-4,+3kMTsuFFLgKKwvzNTJf929qCbg=,+n62MQZjpTSP86yzvpoHfRLgv/o=
4,-3,+3kMTsuFFLgKKwvzNTJf929qCbg=,4VSAqQ9FAMKlLDZ2vTeAD9GLGbo=
4,-2,+3kMTsuFFLgKKwvzNTJf929qCbg=,VZmJootnvploz0UQxN+kt2sXnNU=
4,-1,+3kMTsuFFLgKKwvzNTJf929qCbg=,+Tn5dOhzYeRSlmLI0bFt6un2Tko=
4,-8,+3kMTsuFFLgKKwvzNTJf929qCbg=,u7UClzVRiIeMPa9V3En//PElGmA=
4,-7,+3kMTsuFFLgKKwvzNTJf929qCbg=,L+KZOktmt626MP4Oh7MUXHuiUKI=
4,-6,+3kMTsuFFLgKKwvzNTJf929qCbg=,XyjwOm0Lj3uhxzm/OtYshqCVP9Y=
4,-5,+3kMTsuFFLgKKwvzNTJf929qCbg=,wguxRuvmau27qelksBKu4GgF4nM=
3,-17,+3kMTsuFFLgKKwvzNTJf929qCbg=,HOehQ6682Sf2IcDGkqz9g8M1hhY=
3,-18,+3kMTsuFFLgKKwvzNTJf929qCbg=,VOy/cHX0lmX8Wzta1VQ4uPv+brw=
3,-13,+3kMTsuFFLgKKwvzNTJf929qCbg=,yq9uEI6Hm+vILQStcJvkBk/TZMs=
3,-14,+3kMTsuFFLgKKwvzNTJf929qCbg=,90LPDpjDmtpEYfbO/q0kwr0IDk8=
3,-15,+3kMTsuFFLgKKwvzNTJf929qCbg=,1r2h1Pu+jPvQBfjyAjnSpUbbwos=
3,-16,+3kMTsuFFLgKKwvzNTJf929qCbg=,RlVvo6JJr8XrOZqzo5JqVG1im2o=
3,-9,+3kMTsuFFLgKKwvzNTJf929qCbg=,KjleVgJ5SkNSCV+LzNvWlfGKIc4=
3,-10,+3kMTsuFFLgKKwvzNTJf929qCbg=,QJamCS0KM2v63EvTbUV3qd6czC0=
3,-11,+3kMTsuFFLgKKwvzNTJf929qCbg=,6il9eU67WECqiboUIM8B7VyRwAQ=
3,-12,+3kMTsuFFLgKKwvzNTJf929qCbg=,5KOVGoPAeta3OD+7wFjcBQJI4Cg=
3,-5,+3kMTsuFFLgKKwvzNTJf929qCbg=,BS/DOoQRuuGvG3FfIlql2IsQi7w=
3,-6,+3kMTsuFFLgKKwvzNTJf929qCbg=,lNpgWLSQ0ofJePuDGnNYYetqERQ=
3,-7,+3kMTsuFFLgKKwvzNTJf929qCbg=,lkOh7oqUriWRqsTu2OzHixFboWg=
3,-8,+3kMTsuFFLgKKwvzNTJf929qCbg=,dAUu+QX/f07Y73SmXU734BGuZBE=
3,-1,+3kMTsuFFLgKKwvzNTJf929qCbg=,OofaD2LSttiQj5ipa7UVRb+EdiY=
3,-2,+3kMTsuFFLgKKwvzNTJf929qCbg=,RmOT891qnRQG0fXhmemHbH+5U7U=
3,-3,+3kMTsuFFLgKKwvzNTJf929qCbg=,4OgcnT7dXM/Qt81nvT4hd+NW9S0=
3,-4,+3kMTsuFFLgKKwvzNTJf929qCbg=,lFj5+xqsYwXPt3MCOu2KzevuWDU=
2,-18,+3kMTsuFFLgKKwvzNTJf929qCbg=,flp7fzKq9kCT4cT3t/crBNk2MHM=
2,-17,+3kMTsuFFLgKKwvzNTJf929qCbg=,4tnQSPXK6vWribi/sS5mgowZDFc=
2,-14,+3kMTsuFFLgKKwvzNTJf929qCbg=,sj6oMXjb09kkuJsIOQWFdSpmeTE=
2,-13,+3kMTsuFFLgKKwvzNTJf929qCbg=,+SfLdMj8UhslL2CfRfPRIR8PtJQ=
2,-16,+3kMTsuFFLgKKwvzNTJf929qCbg=,K3bVBL02YpqNtguLukan8gqVPEM=
2,-15,+3kMTsuFFLgKKwvzNTJf929qCbg=,k4fxPpOnGWvZs0BC6mxaNxYklpo=
2,-10,zSrI9NDRbfBeFdixAmIyhcbDKYo=,1uh0yZgXeQqiCGxfYWOm8UdH8NY=
2,-9,zSrI9NDRbfBeFdixAmIyhcbDKYo=,n4NKcdo6M8CUAF/ic/PAueSwLCg=
2,-12,zSrI9NDRbfBeFdixAmIyhcbDKYo=,bGUxvPrDX9VILiBwQVWJwBpCjiw=
2,-11,zSrI9NDRbfBeFdixAmIyhcbDKYo=,M6lkSC+kSjYZ1WwrmI3plxgyTcU=
2,-6,zSrI9NDRbfBeFdixAmIyhcbDKYo=,MtYDybbdgWHTVYv5lWRnCwjfNmg=
2,-5,zSrI9NDRbfBeFdixAmIyhcbDKYo=,81ItqxL//lqlKImexTc/DM5rUBA=
2,-8,zSrI9NDRbfBeFdixAmIyhcbDKYo=,oTfEp7gZI9oabwjZWwMMwsKDk6A=
2,-7,zSrI9NDRbfBeFdixAmIyhcbDKYo=,4E7mEEeDiFatsqrBQmDm//9o+BE=
2,-2,zSrI9NDRbfBeFdixAmIyhcbDKYo=,nX+IXvmgPDBkz/gsV4emfqHrgWk=
2,-1,zSrI9NDRbfBeFdixAmIyhcbDKYo=,7Y3UJFMbM6Wik4bl9Cw8kJo2yyA=
2,-4,zSrI9NDRbfBeFdixAmIyhcbDKYo=,P3cQM+ccpKJfy8XgeArXCav5hA4=
2,-3,zSrI9NDRbfBeFdixAmIyhcbDKYo=,Tu0k7Q/cEqluBCsOAN8xeXKE+RE=
1,-17,zSrI9NDRbfBeFdixAmIyhcbDKYo=,zI3ou5UOuJSrEtCw15amWu8uZFs=
1,-18,zSrI9NDRbfBeFdixAmIyhcbDKYo=,zI3ou5UOuJSrEtCw15amWu8uZFs=
1,-15,zSrI9NDRbfBeFdixAmIyhcbDKYo=,Sdn5NS3fONk7LJB3l0HKRNxE+A8=
1,-16,zSrI9NDRbfBeFdixAmIyhcbDKYo=,K3bVBL02YpqNtguLukan8gqVPEM=
1,-13,zSrI9NDRbfBeFdixAmIyhcbDKYo=,hzTvP+FcDjjNbdAivR4dQnn6Z04=
1,-14,zSrI9NDRbfBeFdixAmIyhcbDKYo=,Ys89FNN5s9vsQ1XQgqH2qlCcT4o=
1,-11,zSrI9NDRbfBeFdixAmIyhcbDKYo=,TwN88cENHqyZPnlevPb7QDEUtrU=
1,-12,zSrI9NDRbfBeFdixAmIyhcbDKYo=,mnZzTcS6PaSMdMLda+jJ/H9xAC4=
1,-9,zSrI9NDRbfBeFdixAmIyhcbDKYo=,sDkCL7wJSYbjAu/ToUrAbqWd6zE=
1,-10,zSrI9NDRbfBeFdixAmIyhcbDKYo=,xc8eFVfRp8YqTyWIcA4kZGmHsvE=
1,-7,zSrI9NDRbfBeFdixAmIyhcbDKYo=,RCDk8gTlbJgMf4mvnPiNCDAhGTg=
1,-8,zSrI9NDRbfBeFdixAmIyhcbDKYo=,rNJT+dVkpxiAakzKIO6BinNq5UQ=
1,-5,zSrI9NDRbfBeFdixAmIyhcbDKYo=,fdNgnhZ6YC2PrSo++10WCVdbTuE=
1,-6,zSrI9NDRbfBeFdixAmIyhcbDKYo=,MtYDybbdgWHTVYv5lWRnCwjfNmg=
1,-3,zSrI9NDRbfBeFdixAmIyhcbDKYo=,6xWOFse9bzWW/7xkFJhTnZcWrj4=
1,-4,zSrI9NDRbfBeFdixAmIyhcbDKYo=,BaCXy8a2vubMeQUFioolVDWR24Y=
1,-1,xI9jseW23xIwW4stUD9Jn5Qh5Fw=,YCV2TpYBnoStAzlyRs6EBoF5w6s=
1,-2,xI9jseW23xIwW4stUD9Jn5Qh5Fw=,nw+xl+oQ8bRNbjhyZBU39OsW1JA=
0,-18,xI9jseW23xIwW4stUD9Jn5Qh5Fw=,zI3ou5UOuJSrEtCw15amWu8uZFs=
0,-17,xI9jseW23xIwW4stUD9Jn5Qh5Fw=,zI3ou5UOuJSrEtCw15amWu8uZFs=
0,-16,xI9jseW23xIwW4stUD9Jn5Qh5Fw=,K3bVBL02YpqNtguLukan8gqVPEM=
0,-15,xI9jseW23xIwW4stUD9Jn5Qh5Fw=,8RVavJQVVLrC4Qco0VWPOi6HTJ0=
0,-14,xI9jseW23xIwW4stUD9Jn5Qh5Fw=,QRUk/iEKVu9u3hEiUCiyftrknno=
0,-13,xI9jseW23xIwW4stUD9Jn5Qh5Fw=,zc4onpkH90qU0TG/WwFGXFN1FxI=
0,-12,xI9jseW23xIwW4stUD9Jn5Qh5Fw=,kOoO9v1E4W6Q4XPQktzePpXEYJQ=
0,-11,xI9jseW23xIwW4stUD9Jn5Qh5Fw=,K3bVBL02YpqNtguLukan8gqVPEM=
0,-10,xI9jseW23xIwW4stUD9Jn5Qh5Fw=,31vKHqFGyziWFmyA+2XoKRlobHk=
0,-9,xI9jseW23xIwW4stUD9Jn5Qh5Fw=,0jmqTyQb6IS0yD5MbfCZDg8bOjg=
0,-8,xI9jseW23xIwW4stUD9Jn5Qh5Fw=,MtYDybbdgWHTVYv5lWRnCwjfNmg=
0,-7,xI9jseW23xIwW4stUD9Jn5Qh5Fw=,MtYDybbdgWHTVYv5lWRnCwjfNmg=
0,-6,xI9jseW23xIwW4stUD9Jn5Qh5Fw=,MtYDybbdgWHTVYv5lWRnCwjfNmg=
0,-5,xI9jseW23xIwW4stUD9Jn5Qh5Fw=,Bode+LPhmhMjHik68yw8UvhODbs=
0,-4,xI9jseW23xIwW4stUD9Jn5Qh5Fw=,eLW1mPmeE86r2dft+gAOQsXJdjw=
0,-3,xI9jseW23xIwW4stUD9Jn5Qh5Fw=,cAss2FPPMcaJli2kLQhdDrKI2Jw=
0,-2,xI9jseW23xIwW4stUD9Jn5Qh5Fw=,638BV8CF5YA4WsmNT/JfaL/Y1u8=
0,-1,xI9jseW23xIwW4stUD9Jn5Qh5Fw=,8O+doBt7a1tOGoW4fNUwRJqEJ9U=
